3.9407980070059814e-06,1.283756156002697,0.06998740884786804,-0.018893452294084484,0.004095860115843164,0.0009809026717161311
-0.002182800689896511,1.284229016897028,0.07010087396535328,-0.018893434749824727,0.004075178730293576,0.0009797744644819617
-0.004610078805063066,1.2847510905056012,0.07022666728979512,-0.018893374101633862,0.004052240658501233,0.0009785214992515685
-0.007304344898091013,1.2853271427974025,0.07036610931962471,-0.01889325617890444,0.004026802040342239,0.000977129913081634
-0.010294955808148716,1.2859623148249713,0.07052065750870333,-0.01889306311110426,0.003998593255320489,0.0009755842902672484
-0.013614491639447425,1.286662129776027,0.07069191939322704,-0.018892772441499568,0.003967316353226266,0.0009738674867283935
-0.01729910775873492,1.2874324930204026,0.07088166670897372,-0.018892356038774906,0.003932642269544957,0.0009719604345573675
-0.021388924497028027,1.2882796826376874,0.0710918505014754,-0.01889177876253608,0.003894207819628008,0.0009698419246358114
-0.025928458317846015,1.2892103272538717,0.07132461720706335,-0.01889099682973159,0.0038516124697532137,0.0009674883650954164
-0.030967098486448675,1.2902313672072423,0.07158232564959764,-0.018889955818497953,0.0038044148890779327,0.0009648735132945082
-0.036559633526176166,1.291349994073909,0.0718675648538162,-0.01888858823364951,0.0037521292946757594,0.0009619681789364599
-0.04276683195917642,1.2925735623755656,0.07218317251886051,-0.01888681054385001,0.003694221613043158,0.0009587398959975011
-0.049656081971903,1.2939094658248913,0.07253225392128622,-0.018884519584341498,0.003630105496550586,0.0009551525613060085
-0.057302094682536046,1.2953649686904167,0.07291820092164808,-0.018881588201001845,0.0035591382533981747,0.0009511660379844236
-0.06578767556579221,1.2969469807306881,0.07334471062763864,-0.01887785999167975,0.0034806167760870286,0.0009467357226121192
-0.07520456824020502,1.2986617616013751,0.07381580311389738,-0.018873142979733096,0.003393773587901823,0.0009418120760045908
-0.08565437415031454,1.300514537621487,0.07433583740712797,-0.01886720203343104,0.0032977731714133266,0.0009363401190783521
-0.09724955055814247,1.3025090102418722,0.07490952470717269,-0.01885974982497071,0.003191708799874589,0.0009302588975727407
-0.11011448753477779,1.304646731446317,0.07554193752135666,-0.018850436106810496,0.0030746001642097485,0.0009235009226720462
-0.12438666210878298,1.3069263166088612,0.07623851303120006,-0.01883883507458964,0.0029453921778461317,0.0009159915991154158
-0.14021786412512094,1.3093424600424397,0.07700504857780306,-0.018824430590520937,0.002802955451585395,0.0009076486585610942
-0.15777548337758615,1.3118847126741653,0.07784768663589327,-0.018806599066421674,0.00264608906315315,0.0008983816242057116
-0.17724384081595934,1.3145359751312657,0.07877288604003205,-0.018784589861816987,0.0024735264017889677,0.0008880913434053429
-0.1988255376509777,1.3172706533093435,0.07978737552777951,-0.01875750315335374,0.0022839450455087876,0.0008766696387515083
-0.22274278449285576,1.3200524176949695,0.08089808487978466,-0.01872426539414954,0.0020759818215000427,0.0008639991450793954
-0.24923865775594994,1.3228315030486315,0.0821120480847885,-0.018683602726029265,0.0018482543958160506,0.000849953420352342
-0.27857821198640775,1.3255414825612377,0.08343627207675934,-0.01863401305642732,0.0015993909145752922,0.000834397441951319
-0.31104935421962493,1.3280954517058503,0.08487756374758129,-0.018573737987142205,0.0013280693390378797,0.0008171886255127752
-0.34696335996415945,1.3303815635837482,0.08644230723427708,-0.018500736400684746,0.0010330681274137157,0.0007981785288329489
-0.386654880494401,1.332257871919774,0.08813618306286511,-0.018412662274357693,0.000713329742595868,0.0007772154245405507
-0.430481259205511,1.3335464626558882,0.08996382080235693,-0.018306850178899037,0.00036803801190627046,0.000754147936092779
-0.4788209434013057,1.334026893088445,0.09192837769547627,-0.01818031286137326,-3.2904780742646147e-06,0.0007288299234975183
-0.532070751103689,1.3334290110949618,0.09403103758091957,-0.018029756183659703,-0.0004007021114421144,0.0007011267669042353
-0.5906417360393358,1.3314252974892773,0.09627042760616862,-0.01785161728366013,-0.000823692179953572,0.0006709231152890694
-0.654953395215029,1.3276229610684458,0.09864195499733996,-0.017642131859301528,-0.0012710866135158478,0.00063813203225873
-0.725425990733258,1.3215561142244214,0.10113707260448687,-0.017397435596012967,-0.001740928039830998,0.0006027052749518723
-0.8024708185779794,1.312678458294101,0.10374248991261849,-0.01711370261373066,-0.002230377763082615,0.0005646441895091146
-0.886478357145659,1.3003569981555119,0.10643935514522103,-0.016787320152800496,-0.002735647826827803,0.0005240104195556395
-0.9778043667122379,1.2838673664206965,0.10920244295437996,-0.016415093562487004,-0.0032519786158418515,0.00048093534709926604
-1.0767541784008305,1.26239134829895,0.11199938948771201,-0.015994469437511503,-0.0037736765515129196,0.00043562698497490084
-1.183565587304677,1.2350171407229131,0.1147900205495602,-0.015523758428911356,-0.004294222593794542,0.0003883729960115186
-1.298390918696786,1.2007427444379795,0.11752581740621139,-0.015002334270960593,-0.0048064552213603,0.0003395386981030089
-1.4108393223813205,1.1622979141229115,0.11993893933151856,-0.014479783117378058,-0.005262668827901392,0.00029371324301062565
-1.5208293946712692,1.1199876593163167,0.12204275058303563,-0.013960170068940042,-0.005667554605047097,0.00025080388306077117
-1.629371349524099,1.073618295354017,0.12386720029802259,-0.013441525196512875,-0.006029033512705913,0.00021029979305376475
-1.7363494654030127,1.0233575488065083,0.12541679226234848,-0.012926528957829402,-0.006350185300254623,0.00017214055504043493
-1.8416637114678884,0.9693664831305985,0.12669629618216602,-0.012417324843174444,-0.006634035981524694,0.00013624714884798248
-1.9452273065107213,0.9117987497774446,0.12771060897212805,-0.011915593871702792,-0.006883503126640298,0.00010252792186425837
-2.0469645066213817,0.8508002121343066,0.12846464554149886,-0.011422624235430114,-0.007101359438492235,7.088336741105199e-05
-2.1477953059825436,0.7858510930487992,0.12896695947348336,-0.01093460321618125,-0.00729195743624055,4.092331015463548e-05
-2.247586650263117,0.7169977677345204,0.12921474371961647,-0.010452604888486337,-0.00745693496128578,1.2601527712340944e-05
-2.3452448064789633,0.6450210851914722,0.12920671103755635,-0.00998213429724032,-0.007596611960150216,-1.387867682671462e-05
-2.4416636817322837,0.5692838140601877,0.12894396560357302,-0.009518938776590102,-0.007714258197004318,-3.886609075972724e-05
-2.5367179660029513,0.48983007040549836,0.12842388774319619,-0.009063548537870527,-0.007811275629038301,-6.241588485910842e-05
-2.6302827339527446,0.40670460075741544,0.12764390757882804,-0.008616362515746857,-0.007888995087685839,-8.45846163183327e-05
-2.7222327164482008,0.31995283940139757,0.1266014789419999,-0.008177666505955665,-0.007948671726564967,-0.0001054292532814468
-2.8124415988394644,0.22962104789844215,0.1252940588415029,-0.007747649541854285,-0.00799148272007473,-0.0001250063926950904
-2.900781346451543,0.13575652811811556,0.12371909203046773,-0.007326418521080643,-0.008018526708896809,-0.00014337164356649848
-2.987121556499137,0.03840790164562322,0.12187400025156656,-0.006914011149530129,-0.008030824568553238,-0.00016057914982523045
-3.0721538200648992,-0.06339231370326201,0.11973377049513732,-0.00650644366622706,-0.008029240008269397,-0.000176835743164328
-3.1548423958470964,-0.16860545911856487,0.11731349614233884,-0.006107915885016969,-0.008014482701641566,-0.00019201170579971182
-3.2350452245057593,-0.27717289591357824,0.1146106776319937,-0.005718303630321179,-0.007987387758069404,-0.00020615754535790575
-3.3126154586993373,-0.38903307081163296,0.11162278230669809,-0.005337450497338701,-0.007948718144882053,-0.00021932112879227174
-3.3874008927046804,-0.5041209327523684,0.108347253335691,-0.004965174527488588,-0.00789916845041715,-0.00023154761986046626
-3.459243405350665,-0.6223672965571859,0.10478152206870497,-0.004601273872412099,-0.007839368627667487,-0.0002428794560999153
-3.527978412830067,-0.7436981515627386,0.10092302378614544,-0.004245531577662774,-0.007769887631364113,-0.00025335635529320256
-3.5934343280958276,-0.8680339122027512,0.09676921687814674,-0.0038977196048119297,-0.007691236883939682,-0.0002630153431430974
-3.6560296687546505,-0.9965665118969791,0.09227190181905016,-0.003554262775077188,-0.007602963767195458,-0.00027197510439298106
-3.714885976629098,-1.1279361212712116,0.08746998837357396,-0.00321851638361149,-0.00750625534909755,-0.0002801658119648727
-3.7698060079582203,-1.2620369193568206,0.08236133642412104,-0.002890218979879131,-0.007401485605964355,-0.0002876183380876862
-3.8205831972951225,-1.3987537386096698,0.07694394161914786,-0.00256910940449052,-0.007288979664636922,-0.00029436088014940087
-3.8670010967786377,-1.5379609003400008,0.07121597637842036,-0.002254928393509416,-0.0071690162108424185,-0.0003004190276650071
-3.90883280702029,-1.6795209472246264,0.06517583617289759,-0.0019474198798935466,-0.0070418295404986115,-0.00030581582192284063
-3.9458403975663616,-1.8232832601713693,0.05882219169145161,-0.0016463320465143127,-0.006907611247043681,-0.0003105718057492303
-3.977774315195921,-1.9690825447968572,0.05215404762821646,-0.0013514181784318223,-0.006766511536708954,-0.0003147050610390299
-4.004372778651228,-2.1167371704565237,0.04517080896442223,-0.0010624373565572094,-0.006618640160996645,-0.0003182312317772558
-4.025361158784042,-2.266047342053795,0.037872355781934326,-0.0007791550304702081,-0.0064640669515306295,-0.00032116353022864676
-4.040451343562502,-2.416793081661351,0.030259127838347666,-0.0005013435049458668,-0.006302821936870808,-0.0003235127237969449
-4.049341087947744,-2.56873199319693,0.022332220362766643,-0.00022878237269579119,-0.0061348950136823266,-0.0003252870997453765
-4.051713349356004,-2.721596778867392,0.01409349280662599,3.8741075004448955e-05,-0.005960235135581584,-0.00032649240450861785
-4.047235610321864,-2.875092470649284,0.005545692616881467,0.0003014314276320734,-0.005778748971664352,-0.00032713175368980114
-4.035710223998478,-3.0273805772426714,-0.0032188751053164938,0.0005569690833041761,-0.0055921865574629845,-0.0003272075420571244
-4.016764803196155,-3.1796686775585066,-0.012280977202101438,0.0008082237868051205,-0.005398553077569831,-0.0003267260900688936
-3.990020172583113,-3.3315685812105555,-0.02163465487393788,0.0010553608824977754,-0.0051976165018463244,-0.0003256813780672845
-3.955079204490341,-3.482650460354304,-0.03127239920624729,0.001298536050384401,-0.0049890921662923676,-0.00032406412938231887
-3.9115261580819447,-3.6324379641585662,-0.04118491131962127,0.001537894203220134,-0.004772637535046219,-0.00032186148054312146
-3.8589260544094457,-3.7804026481481428,-0.051360823729409026,0.0017735680713562704,-0.004547845739751178,-0.0003190565723124126
-3.796824109657459,-3.92595759323318,-0.06178637519539691,0.0020056763710925574,-0.004314237636145766,-0.0003156280431819416
-3.724745257107937,-4.068450060703835,-0.07244502945691446,0.0022343214187595323,-0.004071252043300977,-0.0003115494015651374
-3.6421937996159333,-4.207152993011061,-0.08331702580938721,0.002459586005697849,-0.0038182337323150626,-0.0003067882456570196
-3.5476675509506888,-4.342560661711189,-0.09448954676625684,0.002683716545614938,-0.0035517420310260377,-0.00030124707613209643
-3.440301032695774,-4.47355502667356,-0.10593634390820707,0.002906591790820095,-0.0032705869131800687,-0.00029485615348123165
-3.3179143422074384,-4.600052460129358,-0.11774026958303437,0.0031302349205631613,-0.0029703470276682643,-0.0002874555624750013
-3.177693066720029,-4.721431438379981,-0.12998029434835767,0.003356515154431831,-0.002645644340687112,-0.0002788270580414429
-3.014344852501946,-4.837402933861583,-0.14285287825976686,0.003589411327971819,-0.0022861262731774757,-0.00026856578696007796
-2.8205908299958153,-4.946114562174546,-0.15654890755543113,0.0038327799681871872,-0.0018780579525115642,-0.0002560775963619177
-2.622089042676438,-5.0305136114649915,-0.1691098482503016,0.004053192762787652,-0.0014740004735912093,-0.00024288756544978748
-2.438296302810607,-5.087788471411047,-0.17960222207461268,0.004236190010472251,-0.0011080536655278927,-0.0002302749248987001
-2.261002103826406,-5.126169815008999,-0.18880397897252615,0.004396545777462943,-0.000759469262054128,-0.00021770094758994697
-2.089306492798368,-5.148935714371683,-0.19692991929920298,0.004538623215054986,-0.0004238357038767425,-0.00020510008226861526
-1.9204361080881054,-5.158460782999212,-0.20422071033142594,0.00466697980546677,-9.38169990473206e-05,-0.0001922551364757722
-1.7549488361313557,-5.156087831225998,-0.210727188545685,0.004782699325726415,0.00023101296822666123,-0.0001791863375070436
-1.5932917748107025,-5.143043317769944,-0.21649828967540025,0.004886705684717986,0.0005510209602011722,-0.00016591073795681373
-1.434213117547114,-5.120168626034201,-0.22163008007812546,0.004980700213183849,0.0008697613331791034,-0.00015230278349962455
-1.2780392657867923,-5.08821637840287,-0.22615050275691076,0.005065105331364997,0.0011875613621520377,-0.00013836157037980593
-1.125047673139512,-5.04788734000906,-0.23008663632241924,0.005140266698453279,0.0015047232022311688,-0.0001240844862940467
-0.9754732113236859,-4.9998345713378445,-0.23346466611676206,0.0052064626242579685,0.0018215261562674083,-0.00010946746416249514
-0.8295136263580606,-4.944667180652293,-0.23630987000061038,0.005263911734067114,0.002138228575130059,-9.450518588177085e-05
-0.6873342363705687,-4.882953724246776,-0.23864661535089146,0.005312779229293464,0.0024550694270124053,-7.919124781436207e-05
-0.5490719932860694,-4.8152252959375135,-0.24049836462409624,0.0053531820105059275,0.00277226956657507,-6.351829702538111e-05
-0.4134791931797193,-4.741197685176738,-0.24189965475540928,0.005385478753651044,0.0030933057034209918,-4.7311173427745656e-05
-0.2820427639835249,-4.661984953104673,-0.24285159783853613,0.00540925028332633,0.0034152323605126317,-3.071364951798706e-05
-0.1548390263553515,-4.5780284731580165,-0.24337519621487044,0.005424480471129557,0.0037382319479565907,-1.3715133967547206e-05
-0.031927202172711285,-4.48974158677612,-0.24349060962398444,0.005431115515785721,0.0040624712221616404,3.6956217851612932e-06
0.08664846093994748,-4.3975116361204085,-0.24321718083196425,0.005429065709070971,0.004388101308660196,2.153045396733038e-05
0.20085682001273605,-4.301701838767146,-0.24257346286682582,0.005418206817165584,0.0047152574925362865,3.980171965575936e-05
0.3117852693854701,-4.201618231150308,-0.2415652256017621,0.005398129921977887,0.005047450646017752,5.871722103334767e-05
0.418265760962771,-4.098518702111225,-0.24021420900997129,0.005368691227731611,0.005381555606520171,7.811234714066514e-05
0.52029372636077,-3.992708665744828,-0.23853688041044957,0.005329649104116079,0.005717665886596475,9.800188517001228e-05
0.6178722849331569,-3.88447536641025,-0.23654902481739237,0.005280727670990529,0.006055855538641529,0.00011840093476682152
0.7110112036980692,-3.7740892079870414,-0.2342657757026042,0.005221616888560554,0.006396177560238459,0.00013932481747661995
0.7997259772826744,-3.661804998716041,-0.231701645968344,0.005151972543788051,0.006738661982335393,0.00016078897306157774
0.8840370151507801,-3.5478631200541,-0.2288705590794945,0.005071416178222322,0.007083313618064195,0.00018280883966493872
0.9639689253705732,-3.432490627091747,-0.2257858803358392,0.004979535005508757,0.007430109447741394,0.0002053997145548504
1.0395498859069017,-3.315902287291663,-0.2224604482913579,0.004875881871575583,0.007778995613846117,0.00022857659189356744
1.1108110959344495,-3.1983015635839727,-0.21890660634872344,0.004759975316958966,0.00812988399874787,0.00025235397366359016
1.17778630100428,-3.0798815471836503,-0.2151362345741904,0.0046312998089575695,0.008482648357915302,0.0002767456495494794
1.2411347897032705,-2.9595982246106525,-0.21111885234753466,0.0044877740698075355,0.008840775212163782,0.00030202515381835045
1.3002058061764998,-2.8388003665038553,-0.20690189713270787,0.00432999164448037,0.009200558810786285,0.0003279666566182362
1.3550357140785698,-2.7176582178305098,-0.20249610845159688,0.004157299576143313,0.00956172768097378,0.00035458154065407324
1.4056621093236676,-2.596334985692099,-0.19791189154927016,0.003969011432356335,0.009923948664527973,0.0003818791680115967
1.45212365291207,-2.474987613947524,-0.19315935292127118,0.0037644097161413873,0.010286819859825207,0.000409866398687596
1.4944599654260908,-2.3537675282027974,-0.18824833669823127,0.0035427491955209445,0.010649862963293245,0.00043854703955347255
1.5327115838731793,-2.232821351930921,-0.18318846195661187,0.003303261350730725,0.011012515045557225,0.00046792121768073503
1.5669199822187603,-2.1122915935227446,-0.1779891609985518,0.0030451601624974563,0.011374119829227558,0.0004979846727219805
1.597127657507091,-1.9923173029776338,-0.17265971860654597,0.0027676494877777874,0.011733918576570145,0.0005287279643681484
1.6233782838834634,-1.8730346957032922,-0.1672093122277523,0.0024699322890490887,0.012091040747555933,0.0005601355929621037
1.6459266031528417,-1.753363720050166,-0.16158927466658565,0.0021478310791793603,0.01244810839205935,0.0005925180192609004
1.6645366259022023,-1.6346268391814267,-0.15586224081110467,0.0018033812277182624,0.01280040713113141,0.0006255366097337837
1.6792545208764684,-1.5169588483213379,-0.15003741071371643,0.0014358073575439188,0.013146631974033096,0.000659151310868078
1.690221088882539,-1.3993025116565148,-0.14406279214717468,0.0010402407500686326,0.013488762214434513,0.0006936652593379699
1.6973201903980695,-1.2829686801895357,-0.1380051927706842,0.0006195262501225152,0.013821652042525785,0.0007286838419360885
1.7006190830680359,-1.1669223938690882,-0.1318108857877331,0.0001683653294892798,0.014146690942087856,0.0007644952750606735
1.7000581078202852,-1.0512996852747598,-0.12548489513675412,-0.0003147268998352961,0.01446154930184273,0.00080103209569477
1.6955784554719686,-0.9362471417538469,-0.11903285425850911,-0.0008311391228689067,0.014763547743039673,0.0008382039146393998
1.6871235403872729,-0.8219230818680238,-0.11246112531544859,-0.001382103872746684,0.015049629927913871,0.0008758935302097181
1.674640706898075,-0.70849866676818,-0.10577692820690315,-0.0019686239373943714,0.015316341696441685,0.0009139528398102482
1.6578926100654374,-0.5950152169276962,-0.09891848057520425,-0.0025979476718034807,0.015562178208074987,0.0009525904534083869
1.6367042087351074,-0.4816730373595881,-0.09188968366399297,-0.0032717313141531748,0.015782024920146256,0.0009915939505846108
1.610615053729872,-0.3675545379839101,-0.08462204900261927,-0.003998703007209368,0.015971751428573284,0.001031088139108946
1.579298646500738,-0.25291611873466957,-0.07711646274200494,-0.0047809667593160955,0.016123477000995375,0.0010707277470342353
1.5424232549483283,-0.13806998225716352,-0.06937664341510663,-0.005619691623765805,0.016228044078829974,0.0011100604020455838
1.4991956469403114,-0.02223210038659955,-0.06132803984577862,-0.006524032897594819,0.01627515718114582,0.0011488919338473041
1.4501629065840842,0.0918304688006602,-0.05314344339846185,-0.007473801420764602,0.01625215970396908,0.0011857227704421113
1.397524256004974,0.19923613091556264,-0.04517717411946288,-0.008422979474806792,0.01615459617427446,0.0012184647524566185
1.3430251595822222,0.29791420975688626,-0.03761211181176776,-0.009341920175579945,0.015987422811508917,0.0012461992766628419
1.2874251792086484,0.38819107763315996,-0.030460920918552205,-0.010221055666491428,0.0157577151296831,0.0012689284246737128
1.230230426899224,0.4721154372567332,-0.023592106334901407,-0.011069620103663993,0.015467397721715553,0.0012871273999453554
1.1719585044915097,0.5498191510408577,-0.01701923444076102,-0.011879926893197681,0.015122370331696267,0.0013008096201331315
1.1124860062643476,0.6221999273407699,-0.010688415722415906,-0.01265330412678604,0.014725324036582403,0.0013101750517697684
1.0516008369319652,0.6900216003856693,-0.004549502841592422,-0.013391064222489975,0.014277735185630028,0.0013153568086065595
0.989653716622419,0.7533017783841549,0.0013844006950469376,-0.014087330722023646,0.013785216304842389,0.0013164252341235153
0.9263418709765329,0.812678435636248,0.0071602167437292705,-0.014743750237136467,0.01324853635824752,0.0013134882777591107
0.8612954736721645,0.86868212499314,0.012821699484563406,-0.015361457903240243,0.01266740424733808,0.0013065755870661933
0.7947626805219934,0.9212280258486368,0.018354273926071068,-0.015935282041894386,0.012047084813564065,0.0012957668113750351
0.7270010183997583,0.9702614379321527,0.02374463140273174,-0.016460979075777187,0.011393585976070403,0.0012812193267512095
0.6575682891226695,1.0162038009416212,0.029033479512209096,-0.01693992521529044,0.010706394393836482,0.00126296033139926
0.5859638194390642,1.0593814008718043,0.03425868306316911,-0.017372583774335787,0.009984250743863827,0.001240939748140782
0.5131184377996436,1.0992509147674003,0.039353296147299426,-0.01775123245161419,0.009240641099317083,0.0012155831528099124
0.43776361511625644,1.1364864756354747,0.04440493755087855,-0.018080354389046233,0.008466952186433195,0.0011866007373885394
0.3608454681227656,1.170564097141216,0.04934710251338586,-0.018353751373867355,0.007677412285422162,0.0011545196553795056
0.28179672814743145,1.2017006950926283,0.0542143636196195,-0.018572343924285403,0.006870921624606707,0.0011193168613508192
0.19999310807977394,1.2300137368689363,0.05903815811720264,-0.01873590443263382,0.0060461184070241605,0.0010809089863205758
0.11559993446225411,1.2552813312052995,0.06379975958031525,-0.018842253970738788,0.005209969995155197,0.0010395885031179
0.028805675942052685,1.2773035707509799,0.06848071212649212,-0.018890364547506377,0.00436968563960941,0.0009957072230143181
-0.06108041030318436,1.2960737002726646,0.07310834545571089,-0.01887998963359271,0.003524144418346125,0.0009491941502626231
-0.15481432064044476,1.3114660357482972,0.07770612212245084,-0.018809741723609483,0.0026724631847829666,0.000899945500304658
-0.25224629555532896,1.3231270010929026,0.08224876075328455,-0.018678737186938684,0.0018225824762921616,0.0008483587412470408
-0.35420406420193296,1.3307745230325232,0.08675407430505008,-0.018485237765153054,0.0009742452535917304,0.0007943501577396634
-0.4626704285877235,1.3339753712453983,0.09127795205665931,-0.01822369735066277,0.00011965665354986277,0.0007372723985227224
-0.5776035004265676,1.3319923854096292,0.095778525974599,-0.017892355272167846,-0.0007308142461074953,0.000677620162083491
-0.7000877227157765,1.3239646401803082,0.10025234519708959,-0.0174871373853561,-0.0015744459702974212,0.0006153784488391505
-0.8287255145100269,1.3091223250490542,0.10460139998180644,-0.017013495450923944,-0.002391449398282823,0.0005518447274380032
-0.9579880162301685,1.2877178429219565,0.10861774996895746,-0.01649726296479141,-0.0031428179991960844,0.0004901814413116956
-1.0812202942185143,1.2613338229678392,0.1121208215583852,-0.015975110011834964,-0.0037963172731836654,0.0004336163721915783
-1.1997415696081621,1.2304926844958013,0.11519199513047373,-0.015451181084460154,-0.004369304778900725,0.00038136941339709813
-1.314748971471162,1.195450850829656,0.11789325379948154,-0.014926972457899298,-0.004875561860408205,0.00033274923519920844
-1.4273375078400803,1.1562492914200855,0.12027073967316061,-0.014402313334082874,-0.005325956361862894,0.00028715649779398073
-1.5374295125916835,1.1131946851579595,0.12233805789042725,-0.013881175198351515,-0.005725239005874104,0.00024449145413987794
-1.6449734132207707,1.0665720076464438,0.12410867669821472,-0.013366612670118625,-0.006077999120432616,0.00020462639082269134
-1.7509782714183928,1.0161278909045852,0.1256092452258629,-0.012855898930794649,-0.006391492451329937,0.00016705639827255953
-1.8553468914749056,0.9620173920031763,0.1268443194099682,-0.012351068905130444,-0.006668649852694413,0.00013170329086364604
-1.9590100714995247,0.9037961162485134,0.12782699574470197,-0.011848797674539682,-0.006914566059820583,9.815598946207992e-05
-2.060817572726536,0.8421455836904341,0.12854830597560768,-0.01135553050482075,-0.007129011418361203,6.668546194976699e-05
-2.161690750761623,0.7765404590719107,0.12901655526170225,-0.01086742017952479,-0.0073163149779869475,3.690142915753654e-05
-2.260520872727931,0.7077304949188886,0.12922815957097689,-0.010390220319809466,-0.007476651203613142,9.025093130102767e-06
-2.3582103846859277,0.6351119410754236,0.1291863908036572,-0.009919771385091595,-0.007613585594697055,-1.7304722053648747e-05
-2.4546327549253393,0.5587291804267731,0.12888859484338855,-0.009456734844488897,-0.007728589185752026,-4.214168982633222e-05
-2.5496625261000863,0.47862721131567465,0.1283321942079559,-0.009001622542307528,-0.007823066847199609,-6.554187627971688e-05
-2.643174555776298,0.39485162695295783,0.12751465647365876,-0.008554816587105265,-0.007898350330745835,-8.75625634857869e-05
-2.735043283103738,0.3074486867853758,0.1264334687605084,-0.008116587491967343,-0.007955694099493647,-0.00010826129475969334
-2.8251420234185765,0.21646546950586126,0.1250861177884065,-0.007687110511707758,-0.007996273356095478,-0.00012769511205629452
-2.913342290954135,0.12195009902021438,0.12347007503784432,-0.007266480201274926,-0.00802118376815903,-0.00014591995722475562
-2.9995131486348936,0.023952036299545197,0.12158278658855655,-0.006854723272817409,-0.008031442471228842,-0.00016299021113570181
-3.0835205830749897,-0.07747756839749186,0.11942166726007353,-0.006451809862402674,-0.008027990003249622,-0.00017895834736153266
-3.1660261949370385,-0.1833429116993699,0.11695849987102945,-0.006053793254607735,-0.008011469393006766,-0.0001940176810988365
-3.2460123860892196,-0.2925596485515211,0.11421159603624877,-0.005664727619614864,-0.00798267828824948,-0.00020804913086205305
-3.3233314502021956,-0.40506508275151526,0.11117845096372339,-0.005284449449465773,-0.007942375963864268,-0.000221100647129005
-3.397830233179944,-0.5207929513520578,0.10785653586346226,-0.004912770514877139,-0.007891253032779644,-0.00023321742837459618
-3.469349574364576,-0.6396727754414175,0.10424331093448182,-0.004549483450381461,-0.007829935266003653,-0.00024444190537324054
-3.5377237575874796,-0.7616291554907179,0.10033624176871811,-0.004194366463269242,-0.007758987288204487,-0.0002548137538507002
-3.602779968720967,-0.8865810080796883,0.09613281921151605,-0.003847187285910443,-0.00767891608692126,-0.0002643699273151409
-3.664337756566137,-1.0144407396857373,0.0916305827870682,-0.003507706478244892,-0.007590174290553741,-0.00027314470333983897
-3.7227639795882466,-1.1464246309873536,0.08677793413938896,-0.003172419868803085,-0.00749215967166684,-0.0002812457629907646
-3.7772088295763004,-1.2811258295601773,0.08161749545683668,-0.0028445907652829188,-0.007386110178293988,-0.0002886097416490733
-3.8274641467964563,-1.4184269814949069,0.07614731765465156,-0.002523954956481017,-0.0072723470738593355,-0.00029526474845191063
-3.8733117799324353,-1.5582000313175952,0.07036563442309408,-0.0022102505059451404,-0.007151145030243926,-0.0003012362612529332
-3.914523014015101,-1.7003049318035015,0.06427090962620535,-0.0019032190160451525,-0.0070227341770840255,-0.0003065471876578397
-3.950857987790343,-1.844588235843211,0.057861890707306976,-0.0016026066479940832,-0.006887301779016516,-0.00031121791556234027
-3.9820650988043425,-1.9908815552154302,0.05113766885793791,-0.0013081649454407289,-0.006744993533041528,-0.00031526635085647736
-4.007880394834058,-2.138999868733671,0.04409774685105529,-0.00101965150372736,-0.0065959144752374774,-0.00031870794002031126
-4.0280269506937865,-2.288739659442388,0.03674211560768244,-0.0007368305225839925,-0.006440129481677863,-0.0003215556752703295
-4.042214229929662,-2.439876857245784,0.02907134076496406,-0.00045947327689061825,-0.006277663342507053,-0.0003238200797209779
-4.050137431503766,-2.592164559440786,0.021086660750498337,-0.00018735853818897287,-0.006108500380578399,-0.0003255091696914526
-4.051496774057104,-2.7438210074045206,0.012873192249795877,7.712444568582204e-05,-0.0059343466244312715,-0.00032662014806394014
-4.046072771456497,-2.8960971396356476,0.00435393570500191,0.00033696042153885056,-0.005753414009420868,-0.00032717521834114364
-4.0335172617032375,-3.0486697436621566,-0.004467448939124811,0.0005923328838309339,-0.0055655580680424735,-0.00032717386238546604
-4.013465357228548,-3.201181453771657,-0.013586110453974575,0.0008434169705869811,-0.005370588555564523,-0.0003266127313021243
-3.9855347563775765,-3.353236861890473,-0.022995821909445883,0.001090378745960868,-0.005168265975486574,-0.0003254854272463888
-3.949325064423408,-3.5043981170859375,-0.03268876799501488,0.0013333743039125557,-0.004958297218034486,-0.00032378222970250517
-3.9044171365639464,-3.6541799260784438,-0.04265529880369195,0.001572548627471049,-0.004740330145466154,-0.00032148975454407164
-3.8503724600615246,-3.8020438485133643,-0.052883643598247196,0.0018080341198056906,-0.004513946912295599,-0.00031859053096510576
-3.78673259905191,-3.9473917572822645,-0.06335957654479484,0.002039948697894667,-0.004278655749097691,-0.00031506247710943666
-3.713018734221461,-4.089558304415781,-0.07406602442822499,0.0022683933040624814,-0.004033880860448343,-0.00031087824954414544
-3.628731341453132,-4.227802194984373,-0.08498260381035166,0.00249344864079175,-0.0037789499838986476,-0.0003060044340719428
-3.5323455551715774,-4.362594712591042,-0.09619615336710685,0.0027173558594279926,-0.003510381241859378,-0.00030034107392342205
-3.4229892096538292,-4.492794300237619,-0.10767941074437849,0.002939989048074059,-0.0032269560804832455,-0.00029381668729835074
-3.298453947897966,-4.618278900220018,-0.1195142741608034,0.00316336200542241,-0.0029241923733778303,-0.000286267669482909
-3.155891456325204,-4.738373728397337,-0.1317781699146459,0.0033893303352548598,-0.002596631784759146,-0.00027747085153960373
-2.9899426168476433,-4.8526979105980566,-0.14466522795883296,0.0036218481921841883,-0.002233777561608867,-0.0002670125305237027
-2.7932440082386396,-4.959258655504018,-0.15836207027782048,0.0038647310835088922,-0.00182168145405881,-0.0002542852758651926
-2.5959688269727064,-5.039812717245326,-0.1706642052239533,0.004080344367409206,-0.001421600449136978,-0.00024111957881042985
-2.411685145391814,-5.0945642207943544,-0.1810386973876141,0.004261213245299075,-0.0010555181103626089,-0.00022841420427946197
-2.2358519371948398,-5.1303633197780645,-0.1900410919548603,0.004418132866511211,-0.0007102326668059333,-0.00021588229358911193
-2.063978979190632,-5.151158151270027,-0.1980666853958668,0.004558567798849179,-0.0003743731001386065,-0.00020320324423872896
-1.896727587038412,-5.158818952140811,-0.20519092093272873,0.004684152833245152,-4.7400308812344145e-05,-0.00019041321880269076
-1.7329347628652603,-5.154926550573332,-0.21154661670339114,0.004797377458922556,0.00027440533947805604,-0.00017740925670538862
-1.57139108050152,-5.140479696512653,-0.21723671893882185,0.004900131887457086,0.0005946492920117195,-0.00016407059215432524
-1.4124727781467383,-5.11628122718964,-0.22228990984965472,0.004992914805869095,0.0009136844447517707,-0.00015039798280355385
-1.256500583855896,-5.0830780268112985,-0.2267340471024843,0.005076137867161868,0.0012318362516857704,-0.0001363901924209222
-1.1037470475403321,-5.041565583916784,-0.2305961182722379,0.005150137003482479,0.0015494053541254531,-0.00012204430118898345
-0.9544427976850367,-4.992392099218817,-0.23390221390561347,0.005215181603837346,0.0018666698048124047,-0.00010735595246737402
-0.8087819069312783,-4.9361621987995,-0.23667751480276436,0.005271481987475183,0.0021838869279675564,-9.231955106075128e-05
-0.6669265142657139,-4.873440299918657,-0.23894629016939362,0.005319195505605802,0.0025012948509412734,-7.692842438863576e-05
-0.529010823244697,-4.804753670210068,-0.24073190407329498,0.0053584315305873105,0.0028191137375273975,-6.117495530820818e-05
-0.39514457347464776,-4.7305952155280675,-0.2420568282293146,0.005389255536320054,0.003137546747639993,-4.505069341396561e-05
-0.26410308461383925,-4.650586961231172,-0.2429495645413333,0.005411879674892731,0.0034600700296792044,-2.837463377880229e-05
-0.13730900995625597,-4.5658761115177215,-0.24341560932773174,0.005425933343817224,0.003783710576818141,-1.1293997480012544e-05
-0.014820052249486284,-4.476873184665458,-0.24347502933084436,0.005431356006567269,0.004108634519003508,6.2026999663135005e-06
0.10332082979412185,-4.383962907177799,-0.24314707640069563,0.0054280511263436,0.004434992330714501,2.412753311124751e-05
0.21708357651054772,-4.287506073965286,-0.24245021492618685,0.005415887483960166,0.004762918582284451,4.24931001700192e-05
0.3264494002243981,-4.1878412686635125,-0.24140215037985846,0.005394700179747164,0.005092531454722566,6.131245639593146e-05
0.4324663467802124,-4.084217335248646,-0.2400039567989759,0.005363929804669868,0.005427351302543662,8.079995543642474e-05
0.5340237628397819,-3.9779106963179176,-0.23828068603914465,0.0053234922659630805,0.0057642098936704625,0.00010078624425683379
0.6311252675175865,-3.8692068162393634,-0.23624804611317757,0.005273104261602486,0.0061031797176114505,0.00012128663490629677
0.7237810063627131,-3.758374461377197,-0.23392109639778816,0.005212447969690531,0.006444311901160877,0.00014231665899227999
0.8120067424477198,-3.645666938458916,-0.2313142787003719,0.005141170996144719,0.0067876342275396,0.00016389196178616307
0.8958230535519205,-3.5313232579922866,-0.22844144849393255,0.005058886267955164,0.007133148807338916,0.00018602817952835613
0.97525462491381,-3.4155692302174123,-0.22531590630618148,0.00496517192119481,0.007480829375639119,0.00020874079656391445
1.0503296287349204,-3.298618500296858,-0.22195042927465794,0.004859571238083075,0.007830618187897976,0.0002320449786367999
1.121079183115166,-3.1806735287315053,-0.21835730290078972,0.004741592694288824,0.008182422486183378,0.0002559553783398408
1.1875368844264829,-3.061926522323213,-0.21454835305266162,0.0046107101863793465,0.008536110507330733,0.00028048590836783453
1.249738408318228,-2.9425603203699024,-0.21053497827920864,0.004466363519946499,0.008891507005995749,0.0003056494778709111
1.3077211756186684,-2.822749240157288,-0.20632818250760798,0.0043079592515209725,0.009248388268799937,0.00033145768687693755
1.3615240803702275,-2.7026598851869195,-0.2019386082006289,0.004134871991922342,0.009606476601389313,0.0003579204734752506
1.411676877216964,-2.5812150537976226,-0.19732877123145717,0.0039444255580214985,0.009969130671026501,0.0003853282566482954
1.4576636242169414,-2.459761143074406,-0.192551385543563,0.0037375370831657113,0.010332392978005095,0.0004134285062255133
1.4995238013317604,-2.338449222099963,-0.18761627019198276,0.0035134540526126036,0.010695774200176205,0.00044222472040006053
1.537297797024392,-2.2174256538335344,-0.18253302409407995,0.0032714009687235847,0.011058698896111888,0.00047171662391839314
1.57102693704808,-2.096832781958559,-0.1773110646293714,0.003010585333154953,0.01142049664479883,0.000501899445156973
1.6007535795394081,-1.9768095872947982,-0.17195966723879633,0.002730205261414472,0.011780392802356834,0.000532763106863952
1.6265212788443908,-1.857492311060934,-0.16648800597285984,0.002429459001576732,0.01213749904413402,0.0005642913288456787
1.6485796871630392,-1.7378008876541386,-0.1608472087880599,0.0021041320276536535,0.012494415367109657,0.0005967948547986298
1.6666975363379983,-1.6190584308817981,-0.15510013536098788,0.0017562871110747202,0.012846404318375469,0.0006299326944670834
1.6809209928158995,-1.501400065988636,-0.14925600364388317,0.0013851493750350668,0.013192136105168149,0.000663663422124333
1.6913858055858464,-1.3837693204552584,-0.1432626604506178,0.0009858142949830603,0.013533554691976707,0.0006982896841525362
1.6979808795878786,-1.2674775666112585,-0.13718714413905153,0.0005611681576248853,0.013865488189041607,0.000733413783751892
1.7007685172697316,-1.1514911663949696,-0.13097560128702235,0.0001058810400878709,0.01418928005454359,0.0007693226869950097
1.6996891519651551,-1.0359474542105098,-0.12463313051094711,-0.000381521416932859,0.01450255653730503,0.0008059461022660074
1.6946842337450436,-0.9209944713072675,-0.1181654549109095,-0.0009024101322355127,0.014802590432181857,0.000843190320571288
1.6856976443528546,-0.806792135737725,-0.11157904259144988,-0.0014579909277098084,0.015086274564547033,0.0008809342976221516
1.6726774499480987,-0.6935133394654825,-0.10488123675645264,-0.00204922907654028,0.015350102066429254,0.0009190255530042296
1.6553817644538042,-0.5802031343104863,-0.09801027637873888,-0.002683371579462859,0.015592477237251462,0.0009576676888915911
1.6336366460326366,-0.46706470318714877,-0.0909702636801394,-0.003362010103049879,0.015808214264385525,0.0009966418101369423
1.606977493813385,-0.3531861351307338,-0.08369285332481417,-0.004093834643144676,0.015993060023204754,0.0010360645044086327
1.5750798009768272,-0.23882831170671392,-0.07617925565842969,-0.004880831665990927,0.01613904428766339,0.0010755809074593382
1.5372055626779921,-0.12314823798028413,-0.0683539193157359,-0.005732845987913482,0.016237640797511294,0.0011151209519383838
1.4933132433004535,-0.007688070165122574,-0.0602992537376667,-0.006641830619108986,0.016276333745601612,0.0011536796286280623
1.4436200715543284,0.10593997655705575,-0.05211186397355079,-0.007595445165797575,0.016243844936716715,0.0011901472397103869
1.3903582345696768,0.21287174659725963,-0.04414644120279994,-0.008547299963875604,0.016136217732173108,0.0012224479065793444
1.3358688043455411,0.31007565508233614,-0.03666213502927117,-0.009458242026428695,0.01596102192655495,0.0012494243287656682
1.2798097968824258,0.39985223151434157,-0.029519812476824763,-0.01033720720230549,0.015722060067051485,0.0012716421298955734
1.2228005093480874,0.48243380106443656,-0.022731640780404586,-0.011175916285206094,0.015426033886721086,0.0012891346872369166
1.1642060873449023,0.559628584947155,-0.016173582769816043,-0.01198375966791011,0.01507305930852475,0.0013022848644385259
1.1044537492428101,0.6314926533584834,-0.009859712578778958,-0.0127537212903702,0.014668536894392728,0.0013111057524648542
1.0433294646928897,0.698789556773978,-0.0037398207448724073,-0.013487170784006092,0.014214021815736846,0.001315737056466924
0.9811845636193899,0.7615416960242445,0.002173226056354301,-0.014178341381338166,0.01371526237040996,0.0013162609203810982
0.917714654705222,0.8203864170606134,0.007926380263061715,-0.014828953265518419,0.01317308159542768,0.0013127911917137176
0.8525490789624011,0.8758534164621092,0.013563382762208477,-0.015440209706529333,0.012587241847218282,0.0013053631643800707
0.7859365884176323,0.9278623677488238,0.019069879664727406,-0.016007077505617147,0.011963098765547403,0.0012940669907089428
0.7174388243104659,0.9768388886110848,0.02448665238690248,-0.016530486417302634,0.01129989012439943,0.001278898397882023
0.6472731876839901,1.0226666110349387,0.029798639272195556,-0.017005910586983298,0.010603289382006924,0.001259985208901024
0.5756701272800315,1.0652566415077585,0.03499175331607373,-0.01742979742001457,0.009879606626301288,0.0012375289810086327
0.5021255251448082,1.1049302133837542,0.04010372199686666,-0.017803142155474676,0.00912794107387379,0.0012115205133959696
0.4268438672800659,1.1415602731910977,0.045119418988409564,-0.01812294214295444,0.008354743632870969,0.0011821910926362138
0.34926123713845697,1.1753676560863522,0.050073496133505514,-0.0183896534989315,0.007558806006370293,0.001149493134772292
0.2695624792298233,1.2061824803733743,0.05494927980612467,-0.01860075929384979,0.006746828749899213,0.0011136910134433792
0.18794993766085782,1.233859445058284,0.059730734752756344,-0.01875485163517691,0.005925785611481169,0.0010751084672331055
0.10379572299826768,1.2585081646710121,0.06444901454986098,-0.018852337929510188,0.00509443592410772,0.0010336941942290607
0.016411883467647367,1.2801315245245122,0.06913186256106818,-0.018892454220890822,0.004251531783799804,0.0009893495277046114
-0.07404560926043248,1.298453032518573,0.07375795076233826,-0.018873756253525987,0.0034044445882363715,0.0009424184271052032
-0.16833304531475643,1.313344268447913,0.07835060431695437,-0.018794952494280412,0.00255232871098427,0.0008928030017640969
-0.2662951382797245,1.324453671084934,0.08288443007480566,-0.018655347205174963,0.0017031524629468765,0.0008409097682152231
-0.3697883859099001,1.3315434437979494,0.08742090727744034,-0.01845101321352874,0.0008483873906162754,0.0007861162988613331
-0.47872582473654857,1.3340269058634269,0.09192456424645891,-0.018180571593528573,-2.56974713371428e-06,0.0007288795910490101
-0.5940981735639819,1.3312633884953082,0.09640019979337139,-0.01784071677747462,-0.0008481911387868179,0.000669150388303251
-0.7182125962385753,1.3222676569035472,0.10088661565644284,-0.01742316261915087,-0.0016938124936082466,0.0006063055346846227
-0.8471734057946557,1.3064630825012606,0.10519616281362935,-0.016942085794116137,-0.0025029022873702044,0.0005429051168145725
-0.9754177469965645,1.284339080045995,0.10913245908474464,-0.016425028760613983,-0.003238915399743256,0.0004820459148200465
-1.0988769797251012,1.2570784648982125,0.11259684124906097,-0.015898281057775226,-0.0038850710546030464,0.00042569695958554095
-1.2175676274636784,1.2253913067280622,0.11562868331827567,-0.015370845978372138,-0.004450923902786319,0.00037369837405199814
-1.3326961151507608,1.189527265030846,0.11828997241095573,-0.014844015911219335,-0.00495029599994793,0.000325348433376442
-1.4442574079160169,1.14993717341693,0.12060508509321888,-0.014322677559218514,-0.00538991353430653,0.00028047639162516805
-1.5544315631037047,1.106125845895452,0.12263444266556851,-0.013800134909965223,-0.005783410612508527,0.00023807044496310277
-1.6620231843198372,1.0587615357782627,0.12436654283196764,-0.013284663586934174,-0.00613066723414163,0.0001984689783855872
-1.7680444310235046,1.007584183240208,0.12582779411398476,-0.012773452669854945,-0.006438906639206119,0.0001611654820879221
-1.8723999916886676,0.9527495598374504,0.12702286695395176,-0.012268475347882914,-0.006711075341644827,0.00012607844118031532
-1.9760217972094125,0.893806678894156,0.1279645438889992,-0.011766353812397923,-0.006952229118999605,9.279677959141835e-05
-2.0777611248062278,0.8314448255600484,0.12864434079014214,-0.011273485427783982,-0.007162190398109224,6.158670506049325e-05
-2.1785395932903944,0.7651319021580472,0.1290702046983422,-0.010785985136946816,-0.007345242027224936,3.2058939852578315e-05
-2.2772502068024965,0.6956250604772243,0.12923902462553963,-0.010309563619866992,-0.007501596019582897,4.430917069360267e-06
-2.3747948475172738,0.6223137657599732,0.1291536799792157,-0.009840036665451055,-0.007634769651937445,-2.165689947306211e-05
-2.4710471312575115,0.5452427906328053,0.1288115438067563,-0.009378039128328186,-0.007746227676977453,-4.625890794590897e-05
-2.5658816290561437,0.46445749929575814,0.12821005970964866,-0.008924059349634824,-0.00783736684801426,-6.94316743636127e-05
-2.65917310884307,0.38000384406332044,0.1273467112474268,-0.008478458846551601,-0.007909509494338007,-9.12327927989065e-05
-2.7507958040698357,0.2919284522723786,0.12621899734840594,-0.00804149022267437,-0.00796389978424306,-0.00011171996346615986
-2.8406227107405577,0.20027879344457286,0.12482441323476834,-0.007613313261648766,-0.008001702100518177,-0.00013095025882080974
-2.9285249127609787,0.10510341823722472,0.1231604363969277,-0.007194009240499742,-0.008024001039337859,-0.00014897954955104317
-3.014370934379116,0.006452262338313873,0.12122451719484319,-0.006783593548585099,-0.008031802624113269,-0.00016586206474902918
-3.0980261176886055,-0.09562298998596402,0.11901407371644417,-0.006382026728758766,-0.008026036398531718,-0.00018165006328108285
-3.179352022627766,-0.20106848651940507,0.11652649058152335,-0.00598922407392731,-0.008007558126683828,-0.0001963935961819237
-3.2589759392218927,-0.31092407801600835,0.11373023100759168,-0.0056012922438533124,-0.007976793636425136,-0.000210271997047767
-3.33590114966896,-0.4240599726195931,0.1106469215461481,-0.005222143630642725,-0.007934618804423775,-0.00022317613439718376
-3.4099734693555006,-0.5404089284309338,0.10727404545496537,-0.004851584928751549,-0.007881715784918131,-0.00023515094910798486
-3.4810326085900645,-0.6598993802283074,0.10360907688336843,-0.00448940455318423,-0.00781870216392059,-0.0002462385949247546
-3.5489116235826015,-0.782454722728,0.09964949793221345,-0.004135377233340451,-0.007746134665967985,-0.00025647845633481985
-3.6134363735613744,-0.9079925345590123,0.09539281919210423,-0.0037892678637358925,-0.007664512662220824,-0.0002659071854127157
-3.674424980863704,-1.0364237384366597,0.0908366038791529,-0.003450834717358349,-0.007574281437551758,-0.00027455875108285937
-3.7316872910395746,-1.1676516918661637,0.08597849575861014,-0.0031198321151896177,-0.007475835186546529,-0.0002824644954102437
-3.785533567453556,-1.3029140748305301,0.08076346043395273,-0.0027928324507518303,-0.007368425644568248,-0.0002897210676665188
-3.8351458112100114,-1.4407572048860477,0.07523794867976524,-0.002473009520093993,-0.007253337828968984,-0.0002962712586612763
-3.880304056700084,-1.5810507090086843,0.06940024778303706,-0.002160100019227911,-0.007130840565843538,-0.00030214028238538873
-3.9207776630025397,-1.7236519893203945,0.06324888343539634,-0.0018538444719024228,-0.00700115818335262,-0.0003073507734122115
-3.9563247285065812,-1.868404790064806,0.05678267438550919,-0.0015539882136732953,-0.006864472153955062,-0.0003119228369685553
-3.9866914930676547,-2.0151376285709404,0.05000079400663916,-0.0012602821855038594,-0.006720922351297316,-0.00031587408563499286
-4.011611726372921,-2.163662072182921,0.04290283970882287,-0.0009724835786038936,-0.006570607910673572,-0.00031921966039900277
-4.030806101611161,-2.313770840257584,0.035488911298690716,-0.0006903563680115991,-0.006413587677293793,-0.0003219722336975034
-4.0439815540424755,-2.4652357069354798,0.027759699595179252,-0.00041367176941726255,-0.00624988022039022,-0.0003241419918679784
-4.050795102668211,-2.6163003775347207,0.019797200790550824,-0.00014485336373530437,-0.006081172015701172,-0.0003257236951003783
-4.051092066636735,-2.768229017063236,0.01152629286281086,0.00011913866524504088,-0.0059057652617802965,-0.00032674667606772453
-4.044537475910108,-2.920723623744688,0.0029497903071656817,0.0003784957372345646,-0.005723551977550459,-0.00032721272358552083
-4.030780187700691,-3.0734549022771933,-0.005928434835250755,0.0006334013180243217,-0.005534380562844626,-0.00032712092950953203
-4.009452196473979,-3.2260587373524534,-0.015103288389466552,0.0008840303142429373,-0.0053380529663203165,-0.00032646751006698126
-3.980167945901967,-3.378132216300627,-0.024568264799866468,0.0011305483331593988,-0.005134321074296471,-0.0003252455793028384
-3.942523652264415,-3.5292291256814656,-0.03431522874505141,0.0013731107529708448,-0.004922882184121108,-0.00032344486501733726
-3.896096652487605,-3.6788548311206797,-0.044334162140639725,0.001611861535166164,-0.004703373388621508,-0.0003210513549959243
-3.8404447949774965,-3.826460430269926,-0.054612869798368185,0.0018469316912028107,-0.00447536465031567,-0.0003180468579457125
-3.775105898131105,-3.9714360442870964,-0.06513663540538407,0.0020784372887505268,-0.004238350281644948,-0.00031440845906934717
-3.6995973105845783,-4.113103082124975,-0.07588781742379065,0.0023064768450429757,-0.003991738465337273,-0.00031010784421462226
-3.6134156198663194,-4.250705272051005,-0.0868453718314614,0.0025311279018486984,-0.003734838339797342,-0.000305110458458646
-3.51501168997673,-4.3846880799200045,-0.09809570299305498,0.002754623416127684,-0.003464124312563735,-0.00029931363320789134
-3.403506736926541,-4.513885122262987,-0.1096104604545293,0.0029768318557557858,-0.003178346841298141,-0.0002926439718730434
-3.2766624917897995,-4.638132073551306,-0.12147043751875491,0.003199754726742032,-0.0028729589666699473,-0.00028493384226871334
-3.130080155647986,-4.757819647586699,-0.13387332174363786,0.003427447116301657,-0.00253904893368896,-0.0002758599993418747
-2.957717864984966,-4.87215431869485,-0.14701812352254143,0.003663844944341987,-0.002165109803203378,-0.0002649529358274413
-2.755469310393536,-4.976588771978167,-0.16082159144334862,0.0039079906064947365,-0.001744218207278497,-0.00025179680609057134
-2.5609008653751757,-5.05167725036384,-0.17271721782358232,0.004116178017162675,-0.0013514771748698732,-0.00023873349937678263
-2.3795205756195204,-5.102265581739916,-0.18274832036029517,0.004290994696416819,-0.0009921357216924435,-0.0002261529370304995
-2.204955135423216,-5.135104944020298,-0.1915385205651277,0.004444279126748748,-0.0006497919958519081,-0.00021363563542197914
-2.0344871696853617,-5.153388442080128,-0.19937086307269933,0.0045814772405087445,-0.0003167727304054166,-0.0002009816404128905
-1.8670418992904145,-5.158934989671456,-0.2063876084542821,0.0047053709048716615,1.076606042945804e-05,-0.00018809293596333283
-1.7031355977702118,-5.15304345777588,-0.21263886633816922,0.0048169852030607125,0.0003332278257648742,-0.00017498863155374078
-1.5415480631848488,-5.1366839661286505,-0.21822645419496006,0.004918175983924892,0.0006542214470739846,-0.00016154639626156375
-1.3842515754016924,-5.110963861172043,-0.22313165600199722,0.005008545935829253,0.000970846184570333,-0.00014790844031832388
-1.229951271332481,-5.076501000074866,-0.22744007847307326,0.005089534004063655,0.0012865733658455475,-0.00013394321459131615
-1.078905209116718,-5.033974422214009,-0.23117839351403374,0.005161463317842822,0.0016016906713176926,-0.00011964799247993468
-0.9298316085633426,-4.983466658605626,-0.23440249842335037,0.005225198178691931,0.0019197013493263528,-0.00010486644205855503
-0.784435536651213,-4.9259601852990444,-0.23709758444347537,0.005280180781257268,0.0022377344002827634,-8.97327165776422e-05
-0.6428759057772422,-4.862015150161641,-0.2392878174046929,0.005326558999498722,0.002556027725673992,-7.423977574361716e-05
-0.5052841504524087,-4.792154873573569,-0.24099645721468055,0.005364432951751283,0.002874801431952738,-5.8379634464271815e-05
-0.37176764353811415,-4.716868609331553,-0.24224587138983478,0.005393858949665208,0.003194258750264219,-4.214347105520929e-05
-0.2424126738858312,-4.6366140680670505,-0.24305755322661488,0.0054148527148747344,0.0035145867015530666,-2.5521719964290146e-05
-0.11602183875027124,-4.550925128242384,-0.24345410525390665,0.005427476889851895,0.0038392689810786288,-8.326969665194833e-06
0.006044706392817535,-4.460981194710341,-0.24344528538858695,0.00543141135198277,0.004165299476965579,9.289729766159827e-06
0.12374519053957941,-4.367164293625134,-0.2430502458892947,0.005426550131414917,0.004492828693937003,2.734083278414963e-05
0.23705051376083652,-4.269832722449592,-0.24228735347381147,0.005412752194244856,0.004821991138552843,4.583932768587821e-05
0.34594264171759737,-4.169322758082161,-0.24117421806434317,0.005389842362284555,0.005152904775800417,6.479867010421303e-05
0.4504131873299314,-4.06595024117482,-0.23972772228763137,0.005357611974061494,0.005485670237064492,8.423271332262585e-05
0.550462156539316,-3.960012049192702,-0.23796405148946498,0.0053158193351748526,0.005820369770116654,0.00010415563297226996
0.6470578987083664,-3.8506630214168824,-0.23587595904169176,0.005263606636585047,0.006160540636741255,0.00012479466993945646
0.7391963410995979,-3.739208583728961,-0.233494351752913,0.005201011100429202,0.006502922560621535,0.0001459705885537869
0.8268933107199596,-3.6259005429338127,-0.23083359222173142,0.005127668495245026,0.006847541103211165,0.0001676993876258432
0.9101693314483934,-3.5109765536470596,-0.2279074598395459,0.0050431791497524405,0.007194395523010525,0.00018999705308227807
0.9890489255871088,-3.3946612113998453,-0.22472918237724746,0.0049471077881715,0.007543455944187516,0.00021287941020872465
1.063560001443755,-3.277167086118182,-0.22131146777100366,0.0048389834218244155,0.007894660105883949,0.00023636195077584264
1.1337333198413322,-3.1586957019332353,-0.21766653614703435,0.0047182993607894005,0.008247909661671923,0.00026045963082642343
1.1996020337756987,-3.0394384686161073,-0.21380615214219456,0.004584513418843777,0.008603065998633933,0.00028518663452285417
1.2612012966286097,-2.91957756929548,-0.2097416575901924,0.004437048396433083,0.008959945547026272,0.0003105560990738056
1.3185679354210693,-2.799286808491251,-0.20548400465236125,0.0042752929399956854,0.009318314554942557,0.00033657979540243493
1.37174018657514,-2.6787324238640813,-0.2010437894768196,0.00409860289166968,0.009677883308433713,0.00036326775891832013
1.4207574925541486,-2.5580738644212917,-0.19643128647005814,0.003906303261129979,0.010038299786911904,0.00039062786455566767
1.4656603585776677,-2.4374645372150026,-0.19165648325972062,0.00369769097083222,0.010399142757263193,0.0004186653401984401
1.5064902693587667,-2.3170525237994983,-0.18672911641554707,0.0034720385468479994,0.01075991432896599,0.00044738221280353485
1.5436474883895028,-2.1957481451220917,-0.18160582912677095,0.0032259991773753464,0.01112373150774946,0.0004770826179238234
1.5767474649169857,-2.0748894414292387,-0.17634414837360415,0.002960915888736043,0.011486321812296457,0.0005074797754720129
1.6058319602613333,-1.954615787077467,-0.17095334712010332,0.0026759715138337777,0.01184688449179943,0.0005385627977185139
1.6309439530965848,-1.8350639779355613,-0.16544260657130533,0.002370350115200515,0.012204501426166924,0.0005703143489113821
1.6521278924521576,-1.7163688217166106,-0.15982105850189754,0.002043249275420195,0.01255812740431235,0.0006027096224384305
1.6695880360058875,-1.5974582542554203,-0.1540384468218651,0.001690182328977721,0.01291013455737055,0.0006360578517278477
1.683140495000777,-1.4796500977272327,-0.14815924257825455,0.0013135035601342816,0.013255623228037115,0.0006699975141722693
1.692913650601815,-1.3618877926900173,-0.14213099240496435,0.0009082445024344559,0.01359648485539569,0.0007048309565797746
1.6988028463384472,-1.2454856644487118,-0.13602115382950206,0.0004773477527798987,0.01392749734339483,0.0007401554870406658
1.7008629229542167,-1.1294108371265956,-0.1297756157767315,1.5423935894337375e-05,0.014249932563483659,0.0007762565528480992
1.6990337408715301,-1.0138031048813867,-0.123399587990359,-0.00047899583112839903,0.0145613408242737,0.0008130595026954275
1.6932564018874328,-0.8988132882079146,-0.11689893112345282,-0.0010072660319159219,0.014858910899661458,0.0008504653879196989
1.6834747360011528,-0.7846044085639937,-0.1102802803965148,-0.0015705620487503034,0.015139444194619656,0.0008883469596000192
1.6696371375894712,-0.6713527786131419,-0.10355117866360712,-0.002169801280560985,0.015399336449158366,0.0009265445080212861
1.6514938285156244,-0.5581080336398063,-0.09664979831559026,-0.0028122466645921426,0.015636836735776528,0.0009652538117618575
1.6286172881812893,-0.44392949734291565,-0.08950771266928405,-0.0035066333002614697,0.015848597491633473,0.0010046426363309827
1.6009891272141537,-0.33019863747912603,-0.08219949892112789,-0.0042477487929985305,0.01602584448380589,0.0010440236188805395
1.5680817552147783,-0.21605118056805583,-0.07465688301981285,-0.005044059997710011,0.016162663037988665,0.0010834138153477434
1.5291490057799337,-0.10065722986000829,-0.06680470041542587,-0.005905249822410694,0.016250220156173063,0.0011227199433786793
1.483676218394096,0.01559491517175322,-0.058643483057050055,-0.006832410436396571,0.016275822678952633,0.001161293794506242
1.4333485952715461,0.12762782603560133,-0.05051761583816186,-0.007784220345517432,0.01622851472369169,0.001196881134408495
1.3801598240908886,0.23191384204211593,-0.04269936362134276,-0.008722347507833354,0.016108111822047796,0.001227934836162169
1.3253816530175169,0.32759471600801815,-0.03528651177473775,-0.009626974689450132,0.015920588467664826,0.001253985968107641
1.2691613159164845,0.4158967673337459,-0.028218107963310746,-0.010497962172027447,0.015670611070806386,0.001275283330144126
1.2115097694156178,0.49787564459196476,-0.021437039892756266,-0.011335760734640606,0.015361661280168928,0.0012920348098283338
1.152937724674852,0.5736801599134946,-0.014955673573510091,-0.012133054340729948,0.015000037706296992,0.0013042904290555095
1.09331126527524,0.64420461763701,-0.008719883604658871,-0.012891456254056017,0.014588586761001648,0.0013122700579403816
1.0324109656647973,0.710209048467023,-0.002679436072628289,-0.013612544421471608,0.014128917806191528,0.0013161247091864605
0.9699416224303566,0.7723349267692325,0.00321247810861245,-0.014297623067603911,0.013621488063007687,0.0013159316073707867
0.9061950242555276,0.8305419032626982,0.008941958799425418,-0.014941151447596075,0.013071523479151935,0.0013117534822896185
0.8407993842991905,0.8853587882854093,0.01455274379644807,-0.015544413059483769,0.012478861642055972,0.0013036329463385933
0.7740048869805548,0.936710793928246,0.02003072372406469,-0.016102543060554517,0.011848989788086952,0.0012916740770848945
0.7053725710257412,0.9850225111222675,0.02541664818198377,-0.016616566652077076,0.011181197016103631,0.0012758792271327863
0.635120869643804,1.0301832022859279,0.03069572108382925,-0.017082152687983573,0.010481241376885194,0.001256388638868725
0.5634803402817349,1.072109671409802,0.03585416168148234,-0.01749595672177862,0.009755473423641418,0.001233414422111211
0.48994640072103146,1.1111221527700712,0.04092966160220587,-0.0178590819252957,0.009002985499325038,0.0012069513292931261
0.41395703901446446,1.147446155245214,0.04595705111761975,-0.018171575046810565,0.008222345928796875,0.0011769231831806814
0.33647009160594127,1.180574357938286,0.050870264083596135,-0.018427731514252636,0.00742798441386938,0.0011438879127555427
0.25691665580539713,1.210722394371993,0.05570386869978169,-0.01862864615383629,0.006618811133746791,0.001107830004633421
0.1746721581123013,1.2380056740942786,0.06048920150926415,-0.018774260705602744,0.005793485510335542,0.0010686740372838613
0.08990644855230871,1.2622104667198675,0.06520779961306489,-0.01886274775235263,0.004958979706858441,0.001026726840441459
0.001930900072444476,1.2833374855274273,0.06988731503815591,-0.018893438601484396,0.0041140973066134436,0.0009818963743022362
-0.08909303003655834,1.3011127364745807,0.07450633598216343,-0.018865085967237467,0.003266268160907277,0.0009345376833433403
-0.183921810590942,1.3154050369303925,0.0790880441721483,-0.018776507512134187,0.00241467097242293,0.00088455858188636
-0.2833850434596181,1.3259489345262319,0.08365123379389026,-0.018625442607083688,0.0015589526997373373,0.0008318491743017015
-0.38735112399308264,1.3322847383452172,0.08816556631520249,-0.0184110503625137,0.0007077803445474824,0.0007768482478018963
-0.497820488527736,1.3339483402694678,0.09268595474134879,-0.01812789567367351,-0.0001464896688979098,0.0007189211500671306
-0.6147255058886826,1.3301966193723056,0.09716917381995585,-0.017774801316507993,-0.0009933234929015025,0.00065859495803486
-0.7403833916348482,1.3200151863765002,0.10165283891259738,-0.017343616705340206,-0.0018379186917840545,0.0005952594829439902
-0.869545570363207,1.3030608951362213,0.10590778070093732,-0.016854421133607644,-0.002636164113709623,0.0005321247241538542
-0.9966517110498506,1.2800654587626554,0.10975092779695257,-0.01633626919695893,-0.0033543392943129894,0.00047219410269435
-1.1189929142479602,1.2520856248912977,0.11313126805729379,-0.015810199668160684,-0.003984724242748028,0.000416732125732568
-1.2365969940260384,1.2198120242174884,0.11608756846271046,-0.015284694162956601,-0.004536763575100545,0.00036556399642288014
-1.3506673802167002,1.1834722897547225,0.11868049519609947,-0.01476067330403055,-0.005024000870609186,0.0003179882644573865
-1.462301199934215,1.1430840910784699,0.12095500507987908,-0.014237554923683424,-0.005457069583218172,0.0002734018730301997
-1.571429767550235,1.098945662167771,0.1229246029622721,-0.013718986350370069,-0.005840656439267275,0.00023169556572330205
-1.6790646304566987,1.0508393646583345,0.1246179855465706,-0.013202671631452445,-0.006182439123159635,0.00019235870702164707
-1.7850979326277903,0.9989286060649167,0.1260397365510124,-0.01269102063080135,-0.006485458400633347,0.0001553221537805823
-1.8894362313426376,0.9433698377316527,0.1271946384153817,-0.012185945279522523,-0.006752674951093312,0.0001205011624641648
-1.991998186583635,0.8843119898327492,0.12808754884605925,-0.011688931258833784,-0.0069869239670018865,8.780073868633158e-05
-2.0937080566474973,0.8212568723139716,0.12872836929343642,-0.011196284938563106,-0.007192777395638162,5.682351966393266e-05
-2.193444870584138,0.7549299434052424,0.12911170052138368,-0.010713970039512181,-0.007370281038186404,2.7806146656156848e-05
-2.292117099492818,0.684753882456698,0.12924249690578637,-0.010237917624138754,-0.00752324045589941,3.7798917602253207e-07
-2.389596731431139,0.6107734623546147,0.1291180662367093,-0.009768905087415555,-0.007653180015752536,-2.5512885286410256e-05
-2.4857574014633794,0.5330341026382296,0.1287358176013612,-0.009307544342482755,-0.007761563287306921,-4.992173032775625e-05
-2.5804736063001434,0.45158178095431084,0.12809322506475943,-0.008854303119749227,-0.007849783820173494,-7.290576376983195e-05
-2.6736199438103623,0.36646304543311625,0.12718779784975914,-0.008409524569380229,-0.007919159190906883,-9.45230570725264e-05
-2.765070380547827,0.27772511633076585,0.12601705650704215,-0.00797344504470918,-0.007970927661770221,-0.0001148316400829217
-2.854697548437243,0.18541606693190285,0.12457851457546444,-0.007546210044669167,-0.0080062468830399,-0.00013388879101493192
-2.942372070268958,0.08958507538428662,0.12286966526465191,-0.007127888363581738,-0.008026194157571944,-0.00015175048348287437
-3.027961912566148,-0.009717259223016125,0.1208879727376195,-0.006718484543003958,-0.008031767867151929,-0.00016847096495841915
-3.1113317636310054,-0.11243854166299666,0.11863086762604563,-0.006317949748456623,-0.008023889732519931,-0.00018410244383806808
-3.192342434076033,-0.21852414991307756,0.11609574647078609,-0.005926191208458003,-0.008003407642045598,-0.00019869486516206798
-3.271616776826983,-0.3290193469640321,0.11325059950357698,-0.0055393191080161065,-0.007970721166772322,-0.0002124259897046928
-3.3481602171447378,-0.4427867967621472,0.11011755050332152,-0.005161229126148348,-0.007926719251218916,-0.00022518806859036806
-3.421817532623506,-0.559758228777248,0.10669409719223241,-0.004791722872880325,-0.007872076166768192,-0.00023702581682064072
-3.492427297849587,-0.6798609426131639,0.1029777300657177,-0.004430584505932911,-0.00780740183567677,-0.0002479811410410404
-3.5598213350587615,-0.8030170788850193,0.09896595011455189,-0.004077585216074099,-0.007733245552479293,-0.00025809316256650457
-3.6238241705991143,-0.929142830123492,0.09465629004943704,-0.0037324869817488846,-0.007650099494495718,-0.0002673982582101957
-3.6842524940326804,-1.0581475869900459,0.09004633915808237,-0.0033950456978726513,-0.0075584019814645105,-0.0002759301125306842
-3.740914616918597,-1.189933013921714,0.085133771996856,-0.0030650137713800017,-0.007458540456082807,-0.00028371977624580286
-3.7936099285368003,-1.3243920471025328,0.07991638119433994,-0.0027421422648420428,-0.007350854165663467,-0.00029079572647437973
-3.8425884360873046,-1.4627807051806077,0.07433571636842977,-0.0024230791617136233,-0.0072344555879256985,-0.00029724398939904965
-3.887065886589793,-1.603598159107429,0.0684421517948761,-0.002110914386297711,-0.007110674521388235,-0.0003030131603593443
-3.926809707309627,-1.7466992040087947,0.06223427782955312,-0.001805387241656315,-0.006979729714403554,-0.00030812561867789995
-3.9615759494472864,-1.8919247165774156,0.05571098746382932,-0.0015062420997495858,-0.006841797038017481,-0.00031260120284382423
-3.9911086873066997,-2.0391000575740903,0.048871539324049446,-0.001213229165954663,-0.006697010704432495,-0.00031645724628432455
-4.015139403553756,-2.1880333168116803,0.04171562870073747,-0.0009261051002114095,-0.006545464082846384,-0.00031970859693532944
-4.03338635972497,-2.3385133791334183,0.0342434677453459,-0.0006446335320876,-0.0063872100962786725,-0.00032236761822189344
-4.045464887720155,-2.4888095215126405,0.026533986935557245,-0.000371274343911346,-0.00622391585659163,-0.0003244265590137555
-4.051282901628539,-2.640195677190655,0.01851404169076452,-0.00010293041054858839,-0.006053973262398767,-0.0003259219402550464
-4.050518194191445,-2.792396945984485,0.010185698830572402,0.0001605975447666998,-0.0058773096935193616,-0.0003268577936185353
-4.042832935254335,-2.945109738371566,0.0015519627945072764,0.0004195011714409162,-0.005693810583708704,-0.00032723555812149037
-4.027872984813192,-3.0979985697447012,-0.007383077133837335,0.0006739639686432226,-0.005503317163425974,-0.0003270539360995979
-4.005267202296603,-3.2506924559906123,-0.016614078018643938,0.0009241606649734203,-0.0053056235115992835,-0.0003263087076008711
-3.974626759246719,-3.4027808456274853,-0.026134249061625467,0.0011702564543329746,-0.005100472804450691,-0.0003249924952393535
-3.935544465470468,-3.553809010749547,-0.035935127346999926,0.0014124060312365834,-0.00488755261919726,-0.00032309446948033515
-3.8875941226245145,-3.703272802871684,-0.04600631786213655,0.0016507523541138122,-0.004666489111647097,-0.00032059998162539856
-3.830329924439413,-3.850612659527174,-0.05633519080074079,0.0018854250446299157,-0.004436839836511905,-0.00031749010820623577
-3.7632859298959986,-3.995206721921026,-0.06690652747743071,0.0021165383024330676,-0.0041980849137128375,-0.0003137410857750496
-3.685975645373717,-4.1363628914263755,-0.07770210402073159,0.002344188174687875,-0.003949616157540472,-0.0003093236087614408
-3.597891765151268,-4.273309610977395,-0.08870019920047698,0.0025684489633630543,-0.003690723670442715,-0.00030420195453178134
-3.497460793794266,-4.4064659867947045,-0.09998675709683327,0.0027915454233040943,-0.0034178373078106398,-0.0002982706967120047
-3.383797319233377,-4.534640281824967,-0.11153231081227767,0.003013340161154545,-0.003129675706189137,-0.0002914544688669687
-3.253281876716454,-4.6588021710252265,-0.12353486120578096,0.003238011378589938,-0.0028184915570556397,-0.0002834984457543259
-3.104062204872136,-4.776771070177748,-0.1359498011314752,0.0034650968173738526,-0.002481466930130736,-0.00027423046398718665
-2.9269315237594005,-4.889978049269526,-0.1492243305059952,0.0037031117236715917,-0.002099969490603675,-0.00026297618100919965
-2.723410492346883,-4.990564929737953,-0.1628690620396901,0.003943936961819821,-0.0016788245733168998,-0.0002496730956231116
-2.5318613247092814,-5.060974917337017,-0.17438855787821675,0.004145329709441297,-0.0012935906991751473,-0.0002367466046417051
-2.351783477965298,-5.108484244857225,-0.18419957344179028,0.004316278290598299,-0.0009375702829982624,-0.0002241919917244416
-2.1768766891662334,-5.139026694603824,-0.19287823869908272,0.004467689858453152,-0.0005949002557744986,-0.00021158180128295553
-2.0061735550022974,-5.155171154762534,-0.20060339553635573,0.0046031578007240375,-0.0002614607438000127,-0.00019883551749978138
-1.8402785027260682,-5.1587250647763385,-0.20744934475650495,0.004724232046335678,6.325799278739715e-05,-0.00018598750081659076
-1.6763403481118428,-5.151046250017455,-0.21360444117502275,0.0048343617831578594,0.00038620987086524124,-0.00017279694735934572
-1.5164148377573723,-5.133217675590752,-0.21904529263386244,0.004933148654784578,0.0007045063787798969,-0.00015940535881438234
-1.3592323027067703,-5.105994196578959,-0.22386396441699324,0.005022191646806931,0.0010216645491537644,-0.000145685111740311
-1.2050913495625437,-5.070099069530562,-0.228087913107356,0.005101874300569223,0.0013379949991509932,-0.0001316346515313066
-1.0542451995192157,-5.026206057898681,-0.2317437169348604,0.0051725090330486225,0.0016537844254061124,-0.00011725087567236725
-0.9069075368205982,-4.974943354818151,-0.23485705512127278,0.0052343455968126675,0.0019692976695830505,-0.0001025293603636214
-0.763257533718593,-4.916897133096024,-0.23745269992291781,0.005287577991020279,0.0022847794396493367,-8.746454380378563e-05
-0.6220260720276839,-4.851922782055554,-0.2395736576402762,0.005332767180877818,0.0026037053819567262,-7.188943543492369e-05
-0.48478537170384395,-4.781082494495897,-0.24121479250843428,0.005369434699908354,0.0029231663886132636,-5.594344748473083e-05
-0.3516405222843706,-4.704862021116853,-0.2423983726212641,0.005397629194048062,0.003243365261073717,-3.9617474308480116e-05
-0.2226758564637297,-4.623715829024181,-0.24314579288493773,0.00541735877313843,0.0035644886639818333,-2.290166455480233e-05
-0.09795751592561301,-4.538069393684933,-0.24347759708342917,0.005428593531888204,0.0038867075128903297,-5.78550111579243e-06
0.023680819285038318,-4.447377914716163,-0.2434108519641499,0.005431250275185909,0.004213512224129879,1.1924641869750889e-05
0.1409402921033316,-4.352848399393087,-0.2429592782621263,0.005425061547684508,0.0045418628034532725,3.007375523748565e-05
0.25379281247223584,-4.254836745958449,-0.2421411523896222,0.0054098786524165035,0.0048718931442666424,4.867510113667085e-05
0.3622211709573067,-4.153677012167202,-0.24097399636372213,0.005385518459313536,0.005203720468786688,6.774241356702349e-05
0.4662176383107532,-4.049682988919828,-0.2394746074415178,0.00535176400587009,0.005537444483277702,8.728982823824442e-05
0.5657827268252357,-3.9431496640805745,-0.23765908825599744,0.005308364890148096,0.005873146268995989,0.00010733180634766356
0.6609240943121039,-3.8343545875225256,-0.23554287728611478,0.005255037500667282,0.006210886895370393,0.00012788304975557604
0.7525662298007962,-3.7224096761565413,-0.23311462912220274,0.005190756611069881,0.006554212923066047,0.00014917801954183497
0.8397594042791658,-3.6086333960541004,-0.2304081406153012,0.005115627197539676,0.006899808168949184,0.00017103171526100525
0.9225242173918071,-3.4932620623087214,-0.22743712116711962,0.005029239569096981,0.00724766898182164,0.00019346036598757478
1.000885171815583,-3.3765190614840384,-0.22421473185134153,0.0049311478427185185,0.007597761933653069,0.0002164800286872234
1.0748700688597983,-3.258615882389469,-0.22075361737352284,0.004820869805817043,0.007950020449600664,0.00024010641000727327
1.144509482474781,-3.139753094136558,-0.21706593830093507,0.004697886908045591,0.008304340972541442,0.0002643546575040751
1.2098363060769013,-3.0201212767325494,-0.21316340362469569,0.004561644458451666,0.008660578630081947,0.00028923911551220413
1.2708853677844572,-2.89990190883294,-0.20905730372949674,0.004411552116215402,0.009018542373623992,0.00031477304045902325
1.3276931107379122,-2.779268216646344,-0.20475854385524844,0.004246984777611626,0.009377989562767239,0.00034096827005198997
1.3802973361668007,-2.6583859873445115,-0.20027767813969108,0.004067283978453697,0.009738619974774949,0.0003678348404515478
1.4287370077755759,-2.5374143496587234,-0.1956249443308975,0.00387175995002272,0.01010006922881929,0.0003953805453351259
1.473052116857118,-2.416506523621424,-0.1908102992527492,0.003659694487123758,0.010461901629215859,0.00042361043072018136
1.5132836083046042,-2.2958105406185445,-0.18584345509377062,0.0034303448089800168,0.01082360245197463,0.0004525262196266441
1.5494733683719457,-2.1754699340331465,-0.1807339165687124,0.0031829486164077084,0.01118456972600689,0.00048212566121948967
1.5816642756140489,-2.0556243997648735,-0.17549101897126612,0.002916730570917364,0.011544105595623563,0.0005124018001067552
1.6101704319343206,-1.9351876141746587,-0.17006813344137037,0.002627865125724719,0.011905068879872768,0.0005436638927840635
1.6346952089121152,-1.815488063868102,-0.1645257916985543,0.0023180710018284477,0.012262941494614425,0.0005755967045196981
1.6552827073465344,-1.6966610659266048,-0.15887313932351863,0.0019865373588611344,0.012616649263504552,0.0006081741873297545
1.6719788840357475,-1.5788406348646933,-0.15311932530727257,0.0016324840625512654,0.012964978192282452,0.0006413614393858732
1.6849444231726085,-1.4609658663409872,-0.14721295472303267,0.0012511749841975566,0.013310040194742558,0.00067546351082065
1.6940427775982085,-1.3443472671988834,-0.14121999814481007,0.0008452951610678347,0.013646781538738276,0.0007100972163953546
1.6993605685994235,-1.2279440505211896,-0.13508718756758334,0.0004096617897201924,0.01397676315680754,0.0007455554790896778
1.7008373669690895,-1.111887712908866,-0.12881926875667593,-5.725259937183671e-05,0.014297816403017768,0.0007817813188332043
1.6984129590577337,-0.9963197770894194,-0.12242154272342778,-0.0005569058891359393,0.014607435819021693,0.0008186966029408551
1.6920285713643528,-0.8813929981103887,-0.11589998058887577,-0.0010906325691448088,0.014902749444505488,0.0008561982699156279
1.6816284105603678,-0.7672725329031322,-0.1092613490989655,-0.001659576823202568,0.015180493796421873,0.0008941542822617169
1.666992285860538,-0.6529846686766195,-0.10244373417698865,-0.0022709933056437428,0.015439499013205377,0.0009327917648614369
1.648155030791661,-0.5398704640254792,-0.09552164417669433,-0.002919941834714176,0.015672671448677337,0.0009715258921819464
1.62455861991687,-0.42586209067226644,-0.08835996947243553,-0.0036209958163382393,0.01587917263964686,0.0010108953296085682
1.5961931844564747,-0.31234452442564836,-0.08103382017775837,-0.004368762377472347,0.01605016309808103,0.0010502019197519046
1.5621565834040954,-0.19730662163899054,-0.07339737835617544,-0.005180040099742616,0.016180617499493732,0.0010898452964594784
1.5219410172857304,-0.08106796305683428,-0.06544770468231807,-0.006057234611998647,0.01625926979262629,0.0011293077222609763
1.475524312461351,0.034789660500646045,-0.05727014578148261,-0.006991387430395158,0.016273113046503807,0.0011675208630993836
1.424265642670338,0.14635702816307453,-0.049132325071602236,-0.007948995273910093,0.016212713355957125,0.001202626960738043
1.3701954819567614,0.25012283537037955,-0.04130709080529558,-0.008891295774133563,0.016078498368847675,0.0012330950038961994
1.3151838418660173,0.34429717346088284,-0.033967010151688765,-0.009789115121555399,0.0158793292601324,0.0012582382486863025
1.2588542910307448,0.4311456402555823,-0.026973473233970317,-0.01065174408243652,0.01561908240422268,0.0012786405754063876
1.2012079027196607,0.5117210259180602,-0.020269127280863518,-0.011479846776548838,0.01530136699620398,0.0012945253798749877
1.1421362078040027,0.5869252466902676,-0.013800452313818294,-0.01227436406716229,0.014928576515686994,0.0013060608768634121
1.0820624274525745,0.6568314708828515,-0.007580430031788931,-0.013028670304678611,0.014506520926272944,0.0013132981320193322
1.0207646473623724,0.7221998282135452,-0.0015587213272078649,-0.01374441444139134,0.014036916556141577,0.0013163968368477387
0.9579459733743231,0.7836712580783372,0.0043115215175184435,-0.014422965908522652,0.013520322072394772,0.0013154423612450209
0.8939001994840171,0.8412112538070919,0.010016636478395829,-0.015058926494197662,0.012962144427399114,0.0013105130183904377
0.8282542663294267,0.8953477595332675,0.015600365155095365,-0.015653667119282982,0.01236229809971447,0.0013016591181685142
0.7612598516499809,0.9460118237323284,0.021048856478476867,-0.01620250346995631,0.01172640597084288,0.0012889993722190202
0.6924772558594676,0.9936269813451243,0.02640283208344407,-0.016706562655125778,0.011053807821043166,0.0012725429825621946
0.6221259762804188,1.038088392275736,0.031647774731880234,-0.01716171987438168,0.01035034700178904,0.0012524431162109582
0.5497042275075917,1.0797198648585993,0.03682145875191185,-0.017568660537356947,0.009614934506357467,0.0012286678870357193
0.4754068945960651,1.1183777788656633,0.0419082396209487,-0.01792371697439898,0.008853710780447423,0.0012014049893837005
0.3994444885328622,1.1539438810917448,0.04689322918916713,-0.01822425328936501,0.008073302921090472,0.0011709100216770142
0.32125191388637525,1.1866372792254578,0.051811032393493724,-0.0184709166163751,0.007272559594564514,0.0011371461650515509
0.24101933697793543,1.2162972560857748,0.05664526183871427,-0.018661585994919048,0.006458262258376309,0.0011003980816410531
0.15812115489925374,1.243037609136475,0.061427207458676886,-0.018796307019038266,0.00562913539806272,0.0010605980614654745
0.07273293517919502,1.2666480827162707,0.06613836652352373,-0.01887347284343473,0.004792240764853543,0.0010180666630764746
-0.015834545900546962,1.287127096160796,0.07080628992507293,-0.01889253342089592,0.003946418968950201,0.0009727186228370962
-0.10741422952780087,1.3042045719993132,0.07540955476936892,-0.018852481531047967,0.0030991301450651763,0.0009249202625509047
-0.20276261922470862,1.3177464926687672,0.07997118962086455,-0.018752262299940314,0.0022495563856039687,0.0008745846924782946
-0.302708335182893,1.3274837656973204,0.08450975085079311,-0.018589750101133794,0.0013973501444821046,0.0008216077300321235
-0.4081614233594398,1.332992274603028,0.0890386083398431,-0.01836183095420729,0.0005428657964331417,0.0007658838279666624
-0.519011684843465,1.3336841376310349,0.09352129321793004,-0.018067718257789626,-0.00030437212980425395,0.000707900700879332
-0.6374161150234547,1.3288248725536056,0.09800425612265758,-0.017700624027420103,-0.0011508533499411154,0.0006470323534697991
-0.7633169190856259,1.3174813703535388,0.10243430849470787,-0.017259889928719553,-0.0019847830824951413,0.0005838954128868576
-0.8926464157779235,1.299344495220468,0.10663148766085646,-0.016762721172495783,-0.002771592899201955,0.0005210643827969512
-1.0185910474182567,1.2754685188622514,0.11038005449415658,-0.01624371786180775,-0.0034717084923513164,0.00046208419128647687
-1.1397927064928077,1.246760954914884,0.11367502612021978,-0.015718530667768814,-0.004086139192204982,0.0004075273855191821
-1.257446754900965,1.2135406288148658,0.11658171681791431,-0.015189854171425363,-0.0046292988157914695,0.00035671620539219455
-1.371521113214775,1.1762911452330647,0.11912520530444541,-0.014663635255485235,-0.005108122348408274,0.0003095110337856116
-1.4831189875215574,1.1350210953985784,0.12135019723044123,-0.014139106760151888,-0.005533215868095478,0.0002653028884006302
-1.5921763711412285,1.0900286916853212,0.12327038388662129,-0.013619782515435294,-0.0059093002597382475,0.0002239752974386557
-1.6997077012917963,1.0410876845372017,0.12491410839165965,-0.013103249094986301,-0.006243997537012136,0.00018501594987182027
-1.8056078285176038,0.988361556982708,0.12628606711093923,-0.012591826424248831,-0.00654035976418062,0.0001483514801588091
-1.909785670096901,0.9320065893540148,0.12739112779425638,-0.012087346683958366,-0.006801347087378377,0.00011389397593969137
-2.012161916816167,0.8721713654704258,0.1282342106983549,-0.011591225881979179,-0.007029785495619606,8.15461507600642e-05
-2.113660349878596,0.8083497474986792,0.12882476484727218,-0.011099722562859135,-0.007230179642168099,5.091239282087757e-05
-2.2131632715102043,0.7412746695291819,0.1291579298229159,-0.010618739728923101,-0.007402616603622651,2.2224658396338692e-05
-2.3115777384920073,0.6703610062759445,0.12923817779703717,-0.010144179025515425,-0.0075508340532778875,-4.885161490017151e-06
-2.408776177343224,0.5956535330254669,0.12906283427235435,-0.009676782871853107,-0.007676342963017633,-3.0469671564104656e-05
-2.5046324969540907,0.5171976520706041,0.12862931837594244,-0.009217132785287678,-0.00778059158501371,-5.4584509187736996e-05
-2.5990213094185344,0.43503932501026155,0.12793510792466092,-0.008765670310739902,-0.007864956934263308,-7.728704075937818e-05
-2.6918171763638394,0.34922510336522755,0.12697771087296156,-0.008322716226714735,-0.007930739397259915,-9.863529765198262e-05
-2.7828938834891983,0.25980224621716785,0.1257546426361512,-0.00788848792765688,-0.007979159828741866,-0.00011868712092190457
-2.8721237441383547,0.16681891523102396,0.1242634087966612,-0.007463114976239162,-0.00801135858728189,-0.00013749948510277318
-2.9593769313259854,0.07032443908834406,0.12250149273541,-0.007046652884114721,-0.008028396046191008,-0.00015512797346676176
-3.044520836624,-0.029630359020094067,0.1204663477780709,-0.006639095221978569,-0.008031254195165514,-0.0001716263797435771
-3.1274194536127222,-0.13299277565416706,0.11815539350188937,-0.006240384184908916,-0.008020839018429673,-0.00018704641411370227
-3.2079327831441313,-0.23970778650515748,0.11556601590902683,-0.005850419751413716,-0.007997983396159624,-0.00020143749412060256
-3.286677411770498,-0.3508262133623225,0.1126656509034733,-0.005465323596864478,-0.0079630512734895,-0.00021497497754202188
-3.3626627010293264,-0.4652035721490514,0.10947696979874062,-0.00508896819996581,-0.007916942768090464,-0.00022755265494356185
-3.4357322827842274,-0.5827708465883201,0.1059974650310635,-0.004721151678194061,-0.00786031893787345,-0.00023921466100445925
-3.5057234801376196,-0.7034544528351483,0.10222462507649682,-0.004361655623903189,-0.0077937772881449255,-0.0002500023282936137
-3.5724667597077615,-0.8271754995205174,0.09815595282864505,-0.004010249436259493,-0.007717855449190604,-0.00025995421405781895
-3.635785189051712,-0.9538489870027395,0.09378898749701396,-0.003666693944642586,-0.007633034634804495,-0.0002691061434791156
-3.6954938961128634,-1.0833829408898754,0.08912133016994205,-0.003330744425766294,-0.007539742844334679,-0.0002774912632601259
-3.751399527781829,-1.2156774737238962,0.08415067325844613,-0.003002153104694545,-0.007438357781867034,-0.0002851401004838631
-3.8032997048762573,-1.3506237674819639,0.07887483411334215,-0.0026806712188862936,-0.007329209474018272,-0.00029208062256417654
-3.851434053799858,-1.4894803421434304,0.07323480972763047,-0.0023629602623911035,-0.007211387872871928,-0.0002983970858765131
-3.895024281826928,-1.6307389954781133,0.0672816153459857,-0.0020520964047563766,-0.007086229404857826,-0.00030403899864916203
-3.933835698483333,-1.774252005630979,0.06101389362566955,-0.0017478199312223669,-0.006953944466454824,-0.00030902824549476106
-3.9676221244825487,-1.919857439575734,0.054430601297837375,-0.0014498763496776472,-0.00681470085033169,-0.0003133841789375834
-3.996125288361865,-2.0673775272922135,0.04753107360963542,-0.0011580171248859288,-0.00666862488698366,-0.00031712365221160145
-4.019074209010404,-2.2166168745850574,0.04031509699749431,-0.0008720002767689441,-0.006515802181218153,-0.00032026103542149176
-4.036184563341072,-2.3673604924355467,0.032782991166926505,-0.0005915908793810605,-0.006356277925969387,-0.0003228082126427957
-4.047081006371338,-2.517871464247378,0.02501439810156271,-0.0003192405242891721,-0.006191723994801238,-0.0003247580247926372
-4.051657377028372,-2.669421931059408,0.016935706530178233,-5.186460343730749e-05,-0.006020511659752294,-0.0003261453663793903
-4.049588544831747,-2.8217317780064333,0.008549150347623522,0.00021073459333438918,-0.0058425603513387,-0.00032697377287817676
-4.04053362727452,-2.9744916181537966,-0.00014207234016343998,0.0004687470637494036,-0.0056577471855911955,-0.00032724416361163636
-4.024135301753701,-3.12735951546503,-0.00913364815033417,0.0007223545543689185,-0.005465904581184934,-0.00032695469023871077
-4.0000191149148785,-3.2799572976401508,-0.01841997510164138,0.0009717299162119494,-0.00526681716642236,-0.00032610054229139165
-3.967792797066622,-3.4318663917983487,-0.027993963076188483,0.0012170363066739704,-0.005060217858906078,-0.00032467370144478
-3.9270455923929832,-3.5826231024478172,-0.03784680324240464,0.0014584261785568825,-0.004845782969045666,-0.00032266263403243726
-3.8773476198096124,-3.7317132343316843,-0.04796770053333789,0.001696039981361211,-0.00462312613782366,-0.0003200519084700119
-3.8182492848610345,-3.878565941593918,-0.05834356189891681,0.0019300044781267213,-0.0043917908664726215,-0.0003168217204969157
-3.749280770594656,-4.0225466579758855,-0.06895863129115005,0.0021604305506043543,-0.004151241326681186,-0.0003129473041587937
-3.6699516456563703,-4.162948928680228,-0.07979406007018477,0.002387410322818989,-0.0039008510487576987,-0.0003083981997694524
-3.5797506420652887,-4.298984920729466,-0.09082739856086948,0.0026110133728340793,-0.003639888963496948,-0.000303137341040113
-3.477077768017991,-4.4310434830462535,-0.10214400375537817,0.0028334522113298323,-0.0033647369420600317,-0.00029705619462511504
-3.35982495245447,-4.5591286636123,-0.11382862752830207,0.0030567597969046916,-0.003071124511087019,-0.00029000346295916715
-3.226658206167065,-4.68157400779443,-0.12584390984136706,0.003280624478257871,-0.0027570678756384855,-0.00028185849704479016
-3.0729962658392433,-4.79857435169853,-0.13838417603986028,0.003509080829065859,-0.0024132852978511164,-0.0002722770586062141
-2.890677828730831,-4.910041642411127,-0.15177188438068193,0.003748327441921902,-0.0020238015064949324,-0.00026063676725672676
-2.687702695324757,-5.005363162891183,-0.16510767017667805,0.00398317730440228,-0.0016063357868026668,-0.0002472946580593426
-2.4989856133598782,-5.070936169555047,-0.1762499011074574,0.004177778548992153,-0.0012282398129274466,-0.0002344849783878578
-2.3200722320857876,-5.115121971218507,-0.18583303163358114,0.004344742946857034,-0.0008752795882735719,-0.00022193743929610574
-2.1464887206246934,-5.142860592407277,-0.19430577643860952,0.004492657153339783,-0.0005355222856373489,-0.00020934580409707245
-1.977232097822752,-5.156633958938983,-0.20184366304143578,0.004625006198220147,-0.00020490156582439467,-0.00019662813053041104
-1.81118844947504,-5.158161107198362,-0.20858507618994895,0.004744447614987848,0.0001203757609788891,-0.00018368418620542688
-1.648834327017987,-5.148698310877264,-0.21457939601137474,0.004851950446893782,0.00044069139245479436,-0.0001705320193052251
-1.4889338646433978,-5.129146471026013,-0.21992529442841946,0.0049492868653085945,0.0007596141852116468,-0.00015704812560593962
-1.3318312980632656,-5.1002763415535215,-0.22465098780182308,0.005036908118726563,0.001077479812763897,-0.00014323229946220772
-1.1778195574072607,-5.062805349956074,-0.22878384254733083,0.005115185148544299,0.001394597967835926,-0.00012908253142353537
-1.0271469755501694,-5.017401893869428,-0.23235034037818536,0.005184418684731796,0.0017112547614123565,-0.00011459528226773121
-0.8800230284100364,-4.964689219902394,-0.23537605959136124,0.005244847459548371,0.002027714741620304,-9.976570229661749e-05
-0.7366232700236989,-4.905248935175043,-0.23788566861815474,0.005296654912684412,0.0023442225706845387,-8.4587808780269e-05
-0.597093593573086,-4.839624195031073,-0.23990292894908571,0.005339974677494872,0.0026610043926653445,-6.905463138249645e-05
-0.4601804866122706,-4.767561177202413,-0.2414642671365388,0.005375210904739957,0.002981536362213992,-5.2992863757854274e-05
-0.3273902063315622,-4.690162753100206,-0.24256941015407282,0.0054019304605687855,0.0033028815322437097,-3.654525365123871e-05
-0.19880517018131078,-4.607880027692668,-0.24323964641055554,0.005420131533136248,0.0036252269682523226,-1.9701530009596548e-05
-0.07448992038306444,-4.521135363893147,-0.24349541413693124,0.005429774078084105,0.003948744021447954,-2.4507454092510123e-06
0.04550665885644839,-4.430324470916186,-0.24335632633111534,0.005430781741049836,0.004273588434825084,1.521865263659581e-05
0.16114939161576255,-4.3358183286476875,-0.24284119748855493,0.005423043372831048,0.004599900217669249,3.3318754080019844e-05
0.27353707453065945,-4.236941936565705,-0.241957288524722,0.005406196313074373,0.004931185656097476,5.205525619791408e-05
0.3814844070447304,-4.134946472321141,-0.24072528172990887,0.0053800795686699395,0.005264332969076114,7.126496715663053e-05
0.4849841651818574,-4.030143638485477,-0.23916188077089812,0.005344464989364525,0.005599441366137656,9.096244420069618e-05
0.584037196838482,-3.9228265048405833,-0.23728309716835985,0.005299090316272752,0.005936591109179151,0.00011116257930755911
0.6786513392739183,-3.8132708665376107,-0.23510428093331426,0.005243659333957596,0.006275842035014146,0.0001318805125419811
0.7688404613196591,-3.7017365147349195,-0.232640151433235,0.005177841904941775,0.00661723177074166,0.00015313153337803698
0.8546236168343572,-3.5884684284451067,-0.22990482842346602,0.005101273931004516,0.006960773621093456,0.00017493096707393158
0.9360242980208213,-3.473697895406369,-0.2269118632135499,0.005013557288048483,0.007306454104567761,0.00019729404295913255
1.0130697790272924,-3.3576435689745026,-0.22367426996583692,0.004914259785399197,0.007654230113279792,0.00022023574122769993
1.08651638326023,-3.2393024323912325,-0.22016769409429698,0.004801705286299403,0.00800763476249636,0.00024401589069273418
1.1556085448638158,-3.120019059497784,-0.21643514150405893,0.004676288377245396,0.00836312015201217,0.00026842524516751225
1.2203788320672642,-2.9999832312514063,-0.21248826458416442,0.004537440697071622,0.008720534714625184,0.00029347833215993737
1.2808616791972192,-2.879375757678172,-0.2083383014765118,0.004384557513714302,0.009079679367211328,0.00031918854714473466
1.3370930741830336,-2.7583693283712476,-0.20399610991248163,0.004216998640282311,0.009440301883628448,0.0003455678100530877
1.3891103091347847,-2.6371293283465564,-0.19947220169006616,0.004034089894399989,0.009802090669563033,0.00037262616737309805
1.4369517927873452,-2.5158146218772894,-0.19477677788603165,0.0038351252458958705,0.010164667928851474,0.00040037133347277116
1.480656924453259,-2.3945783061857533,-0.18991976489120044,0.003619369819818601,0.010527582226309066,0.0004288081647243619
1.5202660299030164,-2.273568436049512,-0.18491085134326118,0.003386063945163673,0.010890300473627414,0.00045793806024386607
1.5558203602840561,-2.1529287194569524,-0.17975952600903541,0.0031344284637542883,0.011252199393820654,0.0004877582836714644
1.5873621557814372,-2.0327991834041836,-0.17447511663498197,0.0028636715371406106,0.011612556557507706,0.0005182612015406157
1.6149347761858635,-1.9133168077412697,-0.16906682973872642,0.0025729972102768303,0.011970541132545379,0.0005494334355748837
1.6388059729948818,-1.7933993695323462,-0.1634864014243989,0.0022583019611907154,0.012328832694551442,0.0005815856167920236
1.6587260673623145,-1.6743714243571959,-0.15779603172373713,0.0019215451404284442,0.01268275824041962,0.0006143844156546166
1.674740569625051,-1.5563679198945952,-0.15200490259924085,0.0015619376604006883,0.013031064453417876,0.0006477931455771361
1.6870025667306157,-1.4383274711178098,-0.14606128827755113,0.0011746756330546504,0.013375814705470453,0.0006821169273668491
1.695381927765691,-1.3215638277130186,-0.14003159340930232,0.000762496245511269,0.0137119041646054,0.0007169676987865319
1.6999575148760646,-1.2050365722383618,-0.1338622589999607,0.0003201513651622818,0.014040826114791774,0.0007526373143877246
1.7006681080732085,-1.0888796120887112,-0.12755813053663126,-0.00015388786915922908,0.014360337104994975,0.0007890647716932474
1.6975053506347857,-0.9744057348639739,-0.12119044322195734,-0.0006557619744094441,0.014664802200124706,0.0008257881056520271
1.690348343331332,-0.8594570687348823,-0.1146367067039577,-0.0011968969652663064,0.014957439766157099,0.0008634409443547871
1.679153444903118,-0.7453459659610924,-0.10796671758273994,-0.0017735633583440364,0.015231794535321698,0.0009015218128484142
1.6636924928250545,-0.6311028460859115,-0.10111846740993209,-0.0023930439816447647,0.0154865511203827,0.0009402510320063876
1.6440091433833837,-0.5180727528235662,-0.09416703558160383,-0.0030502439623380636,0.015714541711007897,0.0009790335300975395
1.6195290178915527,-0.4041951300801927,-0.08697705318937453,-0.003759801637576423,0.015914685811254495,0.001018397381079424
1.5899287759406815,-0.2897100112857231,-0.07954864075602958,-0.0045240431810063386,0.01607950177202959,0.0010580279787175293
1.554877765370785,-0.1749107367957439,-0.07188453178821463,-0.005344478949930576,0.016200250128906836,0.0010975094301645446
1.5136009666425478,-0.05899040425781079,-0.06390965836300427,-0.006230574321321365,0.016267263702209742,0.0011366942525729267
1.466091967764534,0.056460096199264204,-0.05571049520372362,-0.007172898313011051,0.016267478411846684,0.001174492049610355
1.4143083202709574,0.1664290262274377,-0.04763876681112052,-0.008127387452551621,0.016193052430196486,0.0012087084082692554
1.3604302980169978,0.2676041509953674,-0.03996247539078138,-0.009054921016429462,0.016047472289815033,0.001237964711324817
1.3052337951786321,0.3602887527209719,-0.032696199112404845,-0.009945508578837314,0.01583727540216364,0.0012622167596884996
1.2488404888024285,0.4457042840895218,-0.025778226165005254,-0.010799460024477025,0.015567429575083811,0.0012817478133505898
1.191241472718418,0.5249003135524651,-0.019150979254140645,-0.011617659019951033,0.015241652940742284,0.0012967960107116237
1.1323209655510715,0.5987753567216643,-0.012760830583590607,-0.012401253901578601,0.014862426150294386,0.0013075426383710722
1.0718723180887941,0.6680949825260339,-0.006557756624274062,-0.013151386618797353,0.014431034632536404,0.0013141035659232757
1.0102467290212853,0.7328639019478752,-0.0005555832010766867,-0.013861864634425089,0.013952771484240263,0.0013165190478733142
0.947145658267877,0.7937225148391698,0.0052925739883746695,-0.014534126196721057,0.013428281753605779,0.0013148819229081938
0.8828642779734815,0.8506417520568852,0.010973294099945716,-0.015162914490548523,0.012863125274660304,0.0013092845088236906
0.8170282942608951,0.9041487196646407,0.0165303225461974,-0.015749686738123186,0.01225727790270554,0.0012997839222128518
0.749890303346678,0.9541798362521329,0.021950064194965743,-0.01628993017756552,0.011616471113450096,0.001286511674065691
0.681009882961541,1.0011576368278954,0.027273215145788073,-0.01678486810113566,0.010940080695253315,0.0012694827863251072
0.6106070683771603,1.0449826516482217,0.03248552936922592,-0.017230565722630545,0.010234011399311255,0.0012488613927298456
0.5381799167875888,1.0859777014626768,0.037624733664031955,-0.017627809075540363,0.00949718526366538,0.0012246202441857767
0.4639234951175737,1.1240046353921351,0.04267547439174882,-0.017973128506422537,0.008735755454654057,0.001196955668760223
0.38727518747592615,1.1592869003105557,0.04767249362548606,-0.018266734943803944,0.00794839309277297,0.0011658036768480273
0.30841123282307786,1.1916428035097428,0.05259881890125065,-0.018505583228900464,0.007141623401866097,0.0011313979020148345
0.22752738574064288,1.2209140497406523,0.05743797077953111,-0.018687712920569782,0.006322362868979598,0.0010940368045475914
0.14399700017752742,1.2472130867238758,0.062221207437949344,-0.018813260629837764,0.005489399747814953,0.0010536598006413225
0.05800108009813331,1.270332368714878,0.06692995589064259,-0.018880809584276303,0.004649885752820319,0.0010105999751449397
8.74733857423194e-06,1.2837551137132783,0.0699871592907396,-0.018893452396893683,0.0040959053646722875,0.0009809051427826293
