3.940798007006331e-06,1.283756156002697,0.06998740884786804,-0.018893452294084484,0.004095860115843164,0.0009809026717161318
-0.0021828006898965096,1.284229016897028,0.07010087396535328,-0.018893434749824727,0.004075178730293577,0.0009797744644819632
-0.004610078805063063,1.2847510905056014,0.07022666728979512,-0.018893374101633862,0.004052240658501234,0.000978521499251571
-0.0073043448980910095,1.2853271427974027,0.07036610931962471,-0.018893256178904437,0.004026802040342241,0.0009771299130816374
-0.010294955808148713,1.2859623148249713,0.07052065750870333,-0.018893063111104256,0.003998593255320492,0.0009755842902672527
-0.013614491639447418,1.286662129776027,0.07069191939322704,-0.018892772441499565,0.0039673163532262705,0.0009738674867283987
-0.017299107758734913,1.2874324930204026,0.07088166670897372,-0.018892356038774906,0.003932642269544961,0.0009719604345573735
-0.021388924497028016,1.2882796826376877,0.07109185050147541,-0.018891778762536074,0.003894207819628013,0.0009698419246358187
-0.025928458317846,1.289210327253872,0.07132461720706336,-0.018890996829731582,0.0038516124697532197,0.0009674883650954245
-0.030967098486448658,1.2902313672072423,0.07158232564959766,-0.018889955818497946,0.00380441488907794,0.0009648735132945173
-0.036559633526176145,1.291349994073909,0.07186756485381621,-0.0188885882336495,0.0037521292946757676,0.0009619681789364702
-0.04276683195917639,1.2925735623755659,0.07218317251886053,-0.01888681054385,0.003694221613043167,0.0009587398959975121
-0.049656081971902966,1.2939094658248913,0.07253225392128625,-0.018884519584341487,0.003630105496550597,0.000955152561306021
-0.057302094682536005,1.295364968690417,0.07291820092164812,-0.018881588201001828,0.0035591382533981864,0.0009511660379844374
-0.06578767556579215,1.2969469807306884,0.07334471062763868,-0.01887785999167973,0.003480616776087042,0.0009467357226121347
-0.07520456824020497,1.2986617616013754,0.07381580311389743,-0.018873142979733075,0.0033937735879018376,0.0009418120760046083
-0.08565437415031446,1.3005145376214875,0.07433583740712804,-0.018867202033431018,0.003297773171413343,0.0009363401190783716
-0.09724955055814236,1.3025090102418724,0.07490952470717278,-0.018859749824970684,0.0031917087998746077,0.0009302588975727619
-0.11011448753477766,1.3046467314463175,0.07554193752135677,-0.018850436106810472,0.0030746001642097693,0.0009235009226720694
-0.12438666210878283,1.3069263166088616,0.07623851303120019,-0.018838835074589614,0.0029453921778461534,0.0009159915991154417
-0.14021786412512074,1.3093424600424401,0.07700504857780321,-0.018824430590520906,0.0028029554515854186,0.0009076486585611218
-0.15777548337758593,1.3118847126741657,0.07784768663589345,-0.01880659906642164,0.0026460890631531753,0.0008983816242057421
-0.1772438408159591,1.3145359751312662,0.07877288604003226,-0.01878458986181695,0.002473526401788995,0.0008880913434053772
-0.1988255376509774,1.3172706533093441,0.07978737552777976,-0.0187575031533537,0.002283945045508818,0.000876669638751545
-0.2227427844928554,1.3200524176949702,0.08089808487978496,-0.018724265394149495,0.002075981821500077,0.0008639991450794369
-0.24923865775594947,1.3228315030486322,0.08211204808478886,-0.018683602726029216,0.0018482543958160897,0.0008499534203523875
-0.2785782119864072,1.3255414825612386,0.08343627207675978,-0.018634013056427264,0.0015993909145753367,0.0008343974419513678
-0.31104935421962426,1.328095451705851,0.08487756374758182,-0.018573737987142146,0.0013280693390379267,0.0008171886255128281
-0.34696335996415867,1.330381563583749,0.08644230723427772,-0.01850073640068468,0.0010330681274137686,0.0007981785288330084
-0.3866548804944,1.332257871919775,0.08813618306286589,-0.018412662274357623,0.0007133297425959256,0.0007772154245406194
-0.4304812592055098,1.3335464626558893,0.0899638208023579,-0.01830685017889896,0.0003680380119063352,0.000754147936092853
-0.47882094340130427,1.3340268930884462,0.09192837769547743,-0.018180312861373178,-3.2904780741931917e-06,0.0007288299234975988
-0.5320707511036872,1.3334290110949634,0.094031037580921,-0.01802975618365961,-0.00040070211144203644,0.0007011267669043203
-0.5906417360393338,1.3314252974892793,0.09627042760617034,-0.01785161728366003,-0.0008236921799534858,0.0006709231152891636
-0.6549533952150265,1.327622961068448,0.09864195499734205,-0.01764213185930142,-0.0012710866135157543,0.0006381320322588322
-0.725425990733255,1.3215561142244239,0.10113707260448938,-0.017397435596012846,-0.0017409280398308971,0.0006027052749519886
-0.8024708185779759,1.3126784582941038,0.10374248991262157,-0.017113702613730526,-0.002230377763082502,0.0005646441895092397
-0.8864783571456547,1.3003569981555156,0.10643935514522478,-0.016787320152800347,-0.002735647826827682,0.0005240104195557744
-0.9778043667122327,1.283867366420701,0.1092024429543845,-0.016415093562486837,-0.0032519786158417183,0.00048093534709941853
-1.0767541784008243,1.2623913482989553,0.11199938948771757,-0.015994469437511327,-0.0037736765515127696,0.00043562698497506434
-1.1794172021434135,1.236161402002091,0.1146860577619324,-0.01554232043311305,-0.00427481065055746,0.00039017560722409667
-1.2825331020831838,1.2057752904679162,0.11716430083973933,-0.015075154646633034,-0.004738554390651039,0.0003461605143212357
-1.3849006745163226,1.1715960235802516,0.11940574235729068,-0.014601199388808916,-0.005161304939573265,0.0003041080303203409
-1.4873945369060313,1.133344372412152,0.12143023050541256,-0.014118857132739386,-0.0055486788173835155,0.0002636478959170162
-1.5898495352832402,1.0910372048560504,0.12323206240328538,-0.013630917090231775,-0.005901668017608635,0.00022483787393828988
-1.6911032151250367,1.0451731206715316,0.12479180754627141,-0.013144703516077815,-0.006218491544010291,0.00018806875445174983
-1.7920491180284526,0.9953665164589569,0.12612427365817833,-0.012657408171205857,-0.006504197592578063,0.00015295271378935898
-1.8925437725390803,0.9416458302401429,0.127225258079751,-0.012170889500158114,-0.006760178906313947,0.00011948834411639176
-1.9924485857142165,0.8840427430149617,0.1280909305743991,-0.011686748657810256,-0.006987892484879207,8.766041745100649e-05
-2.0906578566791674,0.8232143370569124,0.12871277651117344,-0.011211049715471814,-0.007186974632012266,5.773192389215739e-05
-2.188061965359584,0.7586261982247968,0.12909736399966718,-0.010739974723966816,-0.00736129776071732,2.933865268253878e-05
-2.284534586159087,0.6903118780801684,0.12924145668846626,-0.010274455271823494,-0.007512262422804031,2.44160442468254e-06
-2.3799512660608935,0.6183062294315503,0.12914196425553917,-0.009815253581019593,-0.007641236048493066,-2.3003205963445934e-05
-2.4741887459688865,0.5426452022030931,0.12879590406601377,-0.00936298139525094,-0.007749540102620669,-4.704329163541181e-05
-2.568040152144298,0.4625605160169053,0.1281931945973994,-0.008913739126146375,-0.007839230260656698,-6.994709244355887e-05
-2.660406649196838,0.378852637626685,0.12733341352368308,-0.008472572282562287,-0.007910349153207794,-9.151461350241412e-05
-2.751163494642178,0.2915642840746279,0.12621388765627506,-0.008039737422733772,-0.007964085594524287,-0.00011180037866901889
-2.8401846105590414,0.2007391951312641,0.12483194601402671,-0.007615401820368222,-0.008001554590999079,-0.00013085846816337468
-2.92734194414217,0.10642235505998916,0.1231849062722667,-0.007199656851848567,-0.008023796964127125,-0.0001487419612018065
-3.0125048508456427,0.008660277223127897,0.12127006554366616,-0.006792529855530667,-0.00803178014601643,-0.00016550250382250072
-3.0963528617738594,-0.09351997551414265,0.11906162983559104,-0.0063900801725759815,-0.008026282240216348,-0.00018134053233964821
-3.1778617128163726,-0.19907707210185285,0.11657529843582366,-0.005996449741739925,-0.008008012871611549,-0.00019612864703706754
-3.2568885424275056,-0.3079539230802842,0.11380845515522091,-0.0056115146797196275,-0.007977764502719512,-0.00020991501880695675
-3.333285565333077,-0.4200903008277167,0.11075845745457884,-0.005235121086563583,-0.007936261360411359,-0.00022274530211645446
-3.406899518386039,-0.5354222586760877,0.10742264589262975,-0.00486709121435815,-0.00788416290813638,-0.00023466257694857283
-3.4775711171458927,-0.6538814966673013,0.10379835691308481,-0.004507228712805346,-0.007822067294625897,-0.00024570732647641563
-3.545789231981084,-0.7766162897714095,0.09984259221668339,-0.004151867980887235,-0.0077497584748937405,-0.00025601475872151036
-3.610637981254123,-0.9023421749978919,0.09558865212134615,-0.0038045093164846494,-0.00766833207847405,-0.00026550424714331456
-3.671935549034126,-1.030969311008981,0.09103414397305527,-0.0034649062642382084,-0.007578241365214924,-0.00027421038504559805
-3.7294918312420284,-1.1624003264574416,0.08617675329231296,-0.00313280851900026,-0.007479887542810355,-0.00028216508233499366
-3.7831078901624244,-1.296529328565293,0.08101427595081441,-0.0028079641705535843,-0.007373622575683668,-0.00028939762864455644
-3.8325754040976694,-1.4332408273169857,0.07554465475384613,-0.002490121548041064,-0.007259751675728902,-0.0002959347551640391
-3.8776761097833212,-1.572408565664111,0.06976602085646684,-0.0021790307293555094,-0.0071385354642227675,-0.00030180069197781605
-3.918181235429594,-1.7138942445610406,0.06367674053738946,-0.0018744447724605645,-0.007010191796087178,-0.0003070172181451406
-3.9538509225154512,-1.8575461298669855,0.057275467962240464,-0.0015761207185292388,-0.006874897237826343,-0.00031160370204934664
-3.9844336347499563,-2.0031975261054535,0.050561204690883425,-0.0012838204108522606,-0.006732788189075808,-0.00031557712970497104
-4.009665552942701,-2.150665099702448,0.04353336682580175,-0.0009973111686422341,-0.006583961634887824,-0.00031895211875194036
-4.02926995490909,-2.2997470315522306,0.03619186086508286,-0.0007163663511125995,-0.006428475511656006,-0.0003217409157860728
-4.0429565800000296,-2.4502209754891116,0.028537169520436275,-0.0004407658445370572,-0.006266348663882756,-0.0003239533744716181
-4.050420978419539,-2.6018417953582387,0.020570448995521764,-0.00017029650342329276,-0.00609756036165146,-0.0003255969115443508
-4.051343846218045,-2.754339048731352,0.012293639502248863,9.52474234620527e-05,-0.005922049339410078,-0.0003266764373250578
-4.045390347776951,-2.9074141797207784,0.0037095911348168083,0.0003560638505677832,-0.0057397123051018736,-0.00032719425669586026
-4.032209428802757,-3.060737376572597,-0.005177792361298012,0.0006123423624444451,-0.005550401854228463,-0.00032714993560622655
-4.011675636568923,-3.212439317465912,-0.01427163017272795,0.000861807011753217,-0.0053558914190174785,-0.00032654889485703387
-3.98331026095896,-3.363685292230985,-0.023654647058971107,0.0011072458451864993,-0.005154048752726909,-0.00032538668645393665
-3.946713656523972,-3.5140396067731325,-0.03331911525040195,0.0013488084373203032,-0.004944578521363999,-0.0003236532072019288
-3.901467522857888,-3.663019279647049,-0.04325547701686418,0.001586633663538826,-0.004727126918152826,-0.0003213347370731596
-3.8471342892591767,-3.8100883670237566,-0.05345205995167603,0.0018208482096434535,-0.004501274965555802,-0.000318413514284913
-3.783256561835677,-3.9546514570788034,-0.06389474447040992,0.002051564646425835,-0.0042665302934467636,-0.0003148672098562875
-3.7093566650987424,-4.096046175384471,-0.07456657360287104,0.0022788789252202878,-0.004022317045430876,-0.00031066827689749555
-3.6249363219170205,-4.233534505087463,-0.08544729262172293,0.0025028671008289344,-0.003767963462428918,-0.00030578314228726786
-3.528471515290269,-4.367584175546661,-0.0966235124064395,0.0027257562833154767,-0.0034999947668351407,-0.0003001116732926771
-3.4190932351856986,-4.497058648817,-0.10806811769117018,0.002947418405328136,-0.0032171946361510897,-0.0002935824233305612
-3.2958865171497416,-4.620648089499982,-0.11974638813201753,0.0031676877422216355,-0.002918131884734311,-0.00028611072193743443
-3.156450140792996,-4.737945504619815,-0.131732421498834,0.0033884966346663385,-0.0025978834086803487,-0.0002775056569022539
-2.99934536955611,-4.84686255558534,-0.14397005781275912,0.003609415608663175,-0.0022539119891191077,-0.00026761168321743397
-2.8230461007360352,-4.944909396758959,-0.15638475109268188,0.0038298845789920613,-0.0018831324097138907,-0.00025623814289933033
-2.6396783036598603,-5.024025437784846,-0.16805081844290096,0.004034681393137971,-0.0015093732792648778,-0.000244073728840964
-2.4615349292327657,-5.081567609937706,-0.1783312325854408,0.004214047407953364,-0.0011540096389836745,-0.00023189245116260823
-2.2862353502391306,-5.121657747636539,-0.1875461672535088,0.0043746081889765,-0.0008089088142052555,-0.0002195166117386726
-2.1146896781158877,-5.146420996625799,-0.1957749863211781,0.0045183807468624744,-0.00047340861124637484,-0.00020699098899515462
-1.9475945056012187,-5.157758604808384,-0.20309340909426868,0.004647057060073824,-0.00014695220729744998,-0.0001943530725354004
-1.782140661052325,-5.157251166235895,-0.20970025059202088,0.004764340608523161,0.0001774827971854326,-0.00018136852177466634
-1.6204500861558873,-5.145960490781818,-0.21556831097386925,0.0048698384341634105,0.0004970189056946594,-0.00016817845434564417
-1.4612792227703186,-5.124753793250563,-0.22079473411593664,0.004965282392767871,0.0008152089677366569,-0.0001546586220881626
-1.3049609834737201,-5.094390144909779,-0.22540755351145852,0.0050511082151206525,0.0011323817957685012,-0.00014080857116459568
-1.151778434933102,-5.055576240593684,-0.22943394596834324,0.0051276737012820265,0.0014488407084360235,-0.00012662611267291835
-1.0019712907804383,-5.008970601699199,-0.232900200390546,0.005195268415705551,0.001764865848364227,-0.00011210758504873557
-0.8557414729199563,-4.955187372707999,-0.23583170175418772,0.005254121585525928,0.002080716129316205,-9.724806462257249e-05
-0.713257896908011,-4.8947997600796755,-0.2382529267003152,0.005304408556494911,0.002396630849921668,-8.204153651842835e-05
-0.5732552339229341,-4.827629630338493,-0.24020490199094494,0.0053466431014736705,0.0027160865132913755,-6.631907111179955e-05
-0.4372864265815875,-4.754752003260526,-0.24168396415856672,0.0053803596468322,0.0030361654933082896,-5.022106201350198e-05
-0.3054495954268375,-4.6766421961949645,-0.24271209194222468,0.005405591294836996,0.003357066141983325,-3.3738022869650775e-05
-0.17782299523158293,-4.59374501089473,-0.2433103970318321,0.005422331323148139,0.0036789708348961936,-1.6859741406104193e-05
-0.05446747266362186,-4.506476963397138,-0.24349914708687861,0.005430535514705395,0.004002046274610796,4.246436873661229e-07
0.06457137662470953,-4.415228334671474,-0.24329779103645788,0.005430124019829783,0.004326443562285451,1.8126571993008634e-05
0.180418641513881,-4.31937146567968,-0.2427172250380991,0.005420842921785867,0.004655658675086707,3.6446818274336584e-05
0.29184749619896483,-4.220140701516139,-0.2417755485941042,0.0054024909924034106,0.0049866102745759425,5.5225463740015465e-05
0.39884380393559826,-4.117863390916196,-0.2404900411718225,0.005374871823568017,0.005319410545340296,7.447650018341543e-05
0.5014024772455572,-4.012847104983208,-0.23887726687053695,0.0053377551093881665,0.005654153779729054,9.421430321365914e-05
0.5995262870065826,-3.905381068911506,-0.2369531047217494,0.005290876962098006,0.005990915163838437,0.00011445355340284437
0.693224808594913,-3.7957374983601997,-0.23473277928689193,0.00523394007800462,0.006329749277538908,0.00013520914785653521
0.782513489693277,-3.6841728499815356,-0.23223089145357687,0.005166613796778364,0.006670688290888632,0.0001564960995087106
0.8674128267312371,-3.5709289945999063,-0.22946144937095989,0.005088534098341797,0.007013739836772273,0.00017832942126745283
0.94794763894372,-3.4562343206433352,-0.22643789949699647,0.004999303584177559,0.007358884537477283,0.00020072399191884996
1.0241464307796726,-3.3403047746269117,-0.22317315775664617,0.004898491494035926,0.007706073161298991,0.0002236944004413953
1.0960408349161979,-3.223344844757749,-0.21967964083137237,0.004785633814798713,0.00805522338432825,0.0002472547651004446
1.1636651294746925,-3.1055484930555752,-0.21596929761724126,0.004660233545687405,0.008406216132556404,0.0002714185233932743
1.2270558242267289,-2.987100040745243,-0.21205364090191653,0.004521761193133336,0.008758891480635607,0.0002961981886147825
1.2862513116442027,-2.868175011060936,-0.2079437793200127,0.004369655579486003,0.00911304408644256,0.00032160506853167023
1.3412915796100409,-2.7489409329907017,-0.2036504496515169,0.00420332506231443,0.009468418145487163,0.00034764894141531863
1.392720718097051,-2.628329578239439,-0.199137231807772,0.0040202058189616205,0.009828371048638339,0.0003746156511383282
1.4395512077698565,-2.5089071985361167,-0.19450443382626256,0.0038232972144758674,0.010185329890616227,0.0004019720684972352
1.482771577928629,-2.388412055231169,-0.1896683895523795,0.003607925117077141,0.010546054589805422,0.00043027415662505615
1.521560502452978,-2.2693973076570044,-0.18473535740871944,0.003377688529832823,0.010902809692108124,0.00045895587972942905
1.5567460810012188,-2.149599889445322,-0.17961516581508902,0.0031272036725299985,0.011262186810121665,0.0004885924813547672
1.5879677880407568,-2.0303396893117527,-0.1743653155533688,0.0028579084122281554,0.011619931531372304,0.0005188943634846427
1.6152708563816187,-1.9117513752826125,-0.1689949622115168,0.0025690411472085155,0.011975226214217694,0.0005498474894314742
1.6387018739330224,-1.7939670540271921,-0.16351317607582488,0.002259848851131602,0.012327140027093317,0.0005814313077789617
1.6583090450093703,-1.6771168013234372,-0.15792898152880822,0.0019295996246602386,0.012674620548837941,0.000613617791144849
1.6741425211174297,-1.5613291451771165,-0.15225139665198106,0.0015775976691908174,0.01301648596418321,0.0006463704102670171
1.6862548023407686,-1.4467314937124083,-0.14648947264855913,0.0012032008993198232,0.013351418292634679,0.0006796430586176079
1.6947012094281215,-1.3334504982402224,-0.1406523325673393,0.0008058413594406921,0.013677958189323788,0.000713378950275199
1.6995716813991946,-1.2204696043551944,-0.13468816254385102,0.00038059598244839527,0.013997700879764756,0.000747862462673484
1.7008247875954954,-1.1090491157770794,-0.12866401024861499,-6.909999734145104e-05,0.014305551821867716,0.0007826781036797791
1.6985259233018117,-0.9993191705620553,-0.1225895927972541,-0.000543479448411678,0.014599548313723884,0.0008177282088497383
1.6926687555586901,-0.8903097110689734,-0.1164117708328601,-0.0010478481363978857,0.014880354550419321,0.000853261743646511
1.6833341906130879,-0.7832526764150618,-0.11020095121713688,-0.0015774700281667427,0.015142661279646447,0.0008887993498943842
1.670457266093972,-0.6772143687114096,-0.10390362587610112,-0.0021377489578702177,0.01538639549769627,0.0009245537350298493
1.6540195474677655,-0.5723502869959849,-0.09752753307260512,-0.002728975614152429,0.015608359564065389,0.0009603622269888881
1.6342311995022887,-0.469867157048168,-0.09114688820826135,-0.00334462883029578,0.015803230959230676,0.0009956731625244378
1.6109498031003768,-0.36889299992087116,-0.08470844206602084,-0.0039898829607947555,0.015969735178327223,0.001030624544001858
1.5841895751573338,-0.2696056161196859,-0.07822245801994804,-0.00466373197941189,0.01610411441902059,0.0010649711638117249
1.5543020199362965,-0.17316765842861437,-0.0717664162574121,-0.005357367572824288,0.01620169331354081,0.0010981049280918628
1.5210860294219404,-0.07877632617211786,-0.0652884856517575,-0.0060751257945936025,0.0162602097830535,0.0011300763839548783
1.4846055768080995,0.01337803235732669,-0.058801608824299585,-0.0068141579263773025,0.016276000977771432,0.0011605716105943815
1.445361977765509,0.10220646354147228,-0.05238525530819397,-0.0075631674862738415,0.01624617058139834,0.0011889797314741646
1.4031159325735665,0.18844451516050567,-0.045989729014193945,-0.008325197508763656,0.016168132304251757,0.0012152817698882186
1.3584654480621725,0.2710793106265814,-0.03969422912535864,-0.009087614636171257,0.01604099505373572,0.0012389225625363748
1.3116475510890204,0.3500145649567746,-0.03351350938771546,-0.009844900551282343,0.015864584386823956,0.0012596713210923612
1.262401161549042,0.42592878934081874,-0.027400109853713415,-0.010599024462835591,0.01563700413689198,0.0012775036336858446
1.2114444442100376,0.4979641490532503,-0.02142959535748005,-0.011336679472408184,0.01536128378425594,0.001292051069846039
1.1585028395288874,0.5667707568402675,-0.015555513662527805,-0.01205956243834321,0.01503629850353642,0.0013033203486008623
1.1043538256558123,0.6316075643804281,-0.009849441062029576,-0.012754964465688858,0.014667826041118626,0.0013111168481520045
1.0481296691390674,0.6937135783999964,-0.0042090345317708795,-0.013431515111116893,0.0142510777731546,0.0013155255383858692
0.9905977651864291,0.7523773805578694,0.0012961493107608913,-0.014077124081244485,0.013792976907807638,0.001316439050765642
0.93139467006145,0.8081227403457095,0.00670923889757461,-0.014693379216314145,0.013292483157564332,0.001313864341639565
0.870717875612111,0.8608639702147297,0.012017643539200122,-0.015275484893550323,0.012753255193890062,0.0013078085748700087
0.808774853444998,0.9105375555813785,0.01720958119088168,-0.015819233489593146,0.012179651243090903,0.0012983406306030906
0.7451333335687337,0.9575615713161606,0.022325177898398576,-0.016326022540484177,0.011570318567552711,0.0012854428001174052
0.6799700727892226,1.0018348949349125,0.02735183294446557,-0.01679188836777376,0.01092974885311144,0.0012692010213855981
0.6134728971324052,1.043277248332274,0.03227763813876575,-0.017213584537201832,0.01026298107293986,0.0012497598299385756
0.5451469369736552,1.0822062569875894,0.037139753419013856,-0.017592232094796295,0.009568389439355621,0.0012270755440381147
0.4751548776407864,1.118502240154578,0.041925130562060084,-0.017924816748581925,0.008851122765130384,0.001201307996063382
0.4036717096718549,1.1520654158406392,0.04662131275655376,-0.018209136372773552,0.008116708444818032,0.001172670224756756
0.33014172136676506,1.1831128788550418,0.051262418924982796,-0.018445967856862432,0.007363321721135789,0.0011410939007190947
0.25471905635142283,1.2115017975143503,0.05583448121820716,-0.01863333951788812,0.006596591346765106,0.0011068068290034786
0.17757167941052535,1.2371085939412736,0.06032402724999611,-0.018770153870065472,0.005822342752070904,0.0010700825913842068
0.09808171640395734,1.2600436106133992,0.06476184868135733,-0.0188568099186433,0.005038645394160665,0.0010308319385461738
0.016400112650520597,1.2801341738136403,0.06913247898938017,-0.018892455629745376,0.004251419858819729,0.0009893434822631538
-0.06730640638753468,1.2972264388657357,0.0734208454037939,-0.01887714034368043,0.0034665897737040517,0.0009459421441971375
-0.15285848925110493,1.311187263096506,0.07761249749435213,-0.01881178746530159,0.0026899014783251405,0.0009009782296171736
-0.2409455643598984,1.3219956739539118,0.08173393715802116,-0.018696756845444508,0.0019192294449187977,0.0008543502890148438
-0.33140168107200324,1.3294600276738355,0.08576806197064679,-0.018533167225482705,0.001160233000993346,0.0008064117167221721
-0.42404577323605275,1.333408329885645,0.0896982346355874,-0.018322931657798826,0.0004182280910339282,0.0007575290375265269
-0.5196339964994151,1.3336735794371348,0.09354567157506377,-0.01806592418689267,-0.0003089791504674574,0.0007075775960290473
-0.6170170282577947,1.3300675056163296,0.09725402218909684,-0.01776738854631555,-0.0010093330559156196,0.0006574249083475805
-0.7159816320468008,1.3224835611358985,0.10080892722034292,-0.01743108903613276,-0.0016791955154580763,0.0006074202602793798
-0.8163127829705519,1.3108370874742312,0.10419714902488988,-0.017061083330062416,-0.0023156578059956704,0.0005578849369982798
-0.9177964383102364,1.2950640649778358,0.10740661452875196,-0.016661579184860383,-0.0029165393006786795,0.0005091065476238176
-1.0202218600167057,1.275119473011062,0.11042641895607369,-0.016236804941147955,-0.003480356411244195,0.00046133552565123456
-1.1233834566509047,1.2509753909559966,0.11324679615947408,-0.015790898947562578,-0.004006268599644434,0.0004147836383165447
-1.2260604331861182,1.222918322128034,0.11583441321581325,-0.015332445641875015,-0.004489397916725679,0.00037006104662597704
-1.329111792907838,1.1907201417732756,0.11821127829293131,-0.014860605899443243,-0.004935460753076738,0.0003268224575980246
-1.4313423405355263,1.154765223130882,0.12035042064096216,-0.01438348069937246,-0.005341181028978571,0.00028557131570671623
-1.53363044817754,1.1147587842434163,0.12227099109054515,-0.01389926534662875,-0.005712115148617448,0.0002459323318328924
-1.6358148112390267,1.0707199457995116,0.1239675639337735,-0.013410596641974715,-0.006049345242561092,0.00020795224322513317
-1.7367401199176764,1.0231656061073204,0.12542199275765106,-0.012924643353094312,-0.0063512964200351536,0.00017200436868224816
-1.8373006115796777,0.9716935605257546,0.12664820812228372,-0.012438448203084883,-0.006622891081731958,0.00013770176637663262
-1.9373556079782561,0.9163329625663198,0.12764215837970716,-0.011953742518586791,-0.006865540588755353,0.00010503691617612367
-2.036768949398075,0.8571158755514987,0.12840013170629597,-0.011472010732419718,-0.00708070463205621,7.398976295755304e-05
-2.1354083388020255,0.7940766043196227,0.12891869336983278,-0.010994509316735682,-0.007269859797596155,4.453018956232157e-05
-2.233144647391536,0.7272511719044401,0.12919462935300696,-0.010522287168903806,-0.007434474163231672,1.662021916867222e-05
-2.3298512004529015,0.6566769302012714,0.12922489649105992,-0.010056206432272603,-0.007575987293098038,-9.784059157798575e-06
-2.4254030579898274,0.5823922927860752,0.12900657905987273,-0.00959696299381748,-0.007695794938476084,-3.473083445726218e-05
-2.5196763008463923,0.5044365780320016,0.12853685159738917,-0.009145106122068543,-0.007795237751356681,-5.8271171106006166e-05
-2.612547329827592,0.4228499512282614,0.1278129476436163,-0.008701056890069812,-0.007875593350328548,-8.04578375269098e-05
-2.7038921827030946,0.33767345535218657,0.12683213403089777,-0.008265125171534968,-0.00793807113382726,-0.00010134434189317208
-2.7935858718827484,0.2489491213250317,0.12559169033637932,-0.007837525107968939,-0.00798380930253087,-0.00012098414958234832
-2.881501743914872,0.1567201498825844,0.12408889311382462,-0.0074183890253467265,-0.00801387362316163,-0.0001394300577389656
-2.968354888228109,0.06006381926746645,0.12230211184999357,-0.007003745501719998,-0.008029339837817305,-0.00015689996284212155
-3.0530996388636193,-0.04004002914769912,0.12024283536134747,-0.006597936584803994,-0.008030783903066201,-0.00017325115373693892
-3.1355997849912347,-0.1435392750192755,0.11790844323936975,-0.006200902887794345,-0.00801909576809779,-0.00018853452984065556
-3.21571506672991,-0.25037940263092745,0.11529628330379249,-0.005812543856479348,-0.007995093653056971,-0.0002027987308254504
-3.29330060576712,-0.3605030075665133,0.11240367566620997,-0.005432725448490832,-0.007959527192646391,-0.00021609000007174833
-3.3689361729654017,-0.4749906680954405,0.10919495770648963,-0.005057639937424864,-0.007912567132816585,-0.0002285703316556568
-3.4416543238393498,-0.5926588384351313,0.10569586034797837,-0.004691033878841948,-0.00785517138212376,-0.00024014171614595886
-3.51129196572737,-0.7134340807078514,0.10190384743726631,-0.004332690360019591,-0.007787928515537742,-0.00025084493930451146
-3.5776791188049977,-0.8372375803680078,0.09781639977788203,-0.003982380532586467,-0.007711368065024468,-0.0002607180466038194
-3.640638375822052,-0.963984344805099,0.0934310371567909,-0.0036398671602496176,-0.00762596389870822,-0.0002697963851918234
-3.6999843633730523,-1.0935823358247636,0.08874534403719621,-0.0033049075748956902,-0.007532137347417545,-0.00027811265580811155
-3.7555232018526397,-1.225931529831279,0.08375699914016911,-0.0029772561288411883,-0.00743026005268904,-0.0002856969697184607
-3.80705196145824,-1.3609228983007506,0.0784638092133538,-0.0026566662203175335,-0.007320656517857051,-0.0002925769065750604
-3.8548059268899597,-1.499814972576527,0.07280659653296818,-0.0023398096882817254,-0.007202407590237265,-0.0002988358115626535
-3.898009983444832,-1.6410986685922777,0.0668365518544576,-0.002029755556000291,-0.007076849756951877,-0.0003044234827758975
-3.9364288041866122,-1.7846258086982434,0.06055231716262427,-0.0017262463285212597,-0.00694418900312649,-0.00030936147531840505
-3.969815550807608,-1.9302339118456455,0.053952852639627936,-0.0014290296757548376,-0.0068045890442963875,-0.0003136688327435949
-3.997911270114292,-2.077744561898408,0.04703750142082576,-0.0011378591584111028,-0.006658172416546263,-0.00031736211737746285
-4.020444276283021,-2.2269616134602472,0.03980606263831576,-0.0008524948215054266,-0.006505021164321758,-0.00032045542401768195
-4.037129518180836,-2.377669212954968,0.032258873937597,-0.0005727036915092387,-0.006345177107712109,-0.00032296037457010097
-4.047595228178537,-2.5281300301004284,0.024475743303231344,-0.0003009336306023016,-0.0061803119636977925,-0.000324869950959315
-4.051730210842449,-2.6796148071049726,0.016382933853174842,-3.4108209164276624e-05,-0.00600879067950758,-0.0003262183749331827
-4.049208552624119,-2.831842182190738,0.007982716061105746,0.00022796861817782278,-0.005830529697005429,-0.0003270089522760938
-4.039688563168038,-2.9845013624586496,-0.0007216677107284554,0.0004854852346178881,-0.0056454031453128444,-0.0003272423747301929
-4.022812087337829,-3.137248828969358,-0.009725851166705471,0.000738621813974024,-0.00545324041185637,-0.0003269165656322736
-3.998203814999193,-3.2897046286191105,-0.01902416959593973,0.0009875496654756322,-0.005253822999408691,-0.00032602648229328803
-3.9654705963594967,-3.4414481851881127,-0.028609458953920416,0.0012324304220655855,-0.005046880550373882,-0.0003245638667029727
-3.924200773781879,-3.5920135482620354,-0.03847282363761751,0.0014734150123904438,-0.004832085887493641,-0.00032251693393805044
-3.8745026495270887,-3.7394301164945616,-0.048502487994327624,0.0017083274371848527,-0.004611283670254653,-0.00031989899575418515
-3.8155544233810352,-3.8846756914702403,-0.058784712848284675,0.0019397532589393524,-0.004381876833110333,-0.00031667214387639777
-3.746890379713901,-4.0271274414186395,-0.06930421743177373,0.0021677929422118675,-0.004143335365527098,-0.00031281151180558784
-3.6671885095739833,-4.1674518064446655,-0.08015034561100746,0.002394744421965922,-0.003892524167099011,-0.0003082383252596968
-3.5765910502232545,-4.303377954550723,-0.09119359306347755,0.0026183158899567333,-0.0036311109671410204,-0.00030295160634508984
-3.4734928280115462,-4.435289157493839,-0.10251922051252921,0.0028407187275595017,-0.003355467672410052,-0.00029684223319489006
-3.3570003982854866,-4.5619608354938395,-0.11409629264452431,0.003061807111149504,-0.00306427063434377,-0.00028983219603878174
-3.226174292239936,-4.68198041141069,-0.12588547045728773,0.00328139003455683,-0.0027559571175508096,-0.00028182863885020177
-3.078506065887908,-4.794771319634538,-0.1379559065340329,0.003501354932300007,-0.0024253340738842758,-0.00027262413196648555
-2.91079289258047,-4.899031068005003,-0.1503650214701439,0.0037233739479499563,-0.002065992820880929,-0.00026193633909565856
-2.730503104741705,-4.987529662567976,-0.16241918046219575,0.003936043624919127,-0.0016932658043313517,-0.00025014388622544257
-2.5493051597966465,-5.055446498891393,-0.1733876832259306,0.004127874453385842,-0.001328343687021267,-0.00023794132583700208
-2.37216684448936,-5.103952066611059,-0.18313513983962793,0.0042977335871287915,-0.0009776612679088836,-0.00022563404323015245
-2.200125623670838,-5.135805538435098,-0.19177037321211185,0.004448329436823205,-0.000640348394253653,-0.00021328320369303307
-2.0305006512784867,-5.153660526621557,-0.1995455512533057,0.004584548378179055,-0.00030898579584967757,-0.00020068026286380403
-1.8639200196946004,-5.158925745283895,-0.20651228819256046,0.004707584121190924,1.6886482170024726e-05,-0.00018784801138970578
-1.700889830344924,-5.152887016398465,-0.2127203901446334,0.0048184508699308255,0.0003376650549939348,-0.00017480549508032314
-1.5401904510062583,-5.136502941076918,-0.21827102376507598,0.004918990045873133,0.0006569349708585863,-0.00016143110382807092
-1.3821840378148766,-5.110562199014752,-0.22319266410106892,0.0050096812086506595,0.0009750405940765191,-0.00014772529342795625
-1.22717906772284,-5.07579868129806,-0.2275129517177036,0.005090919937518036,0.0012922994520435545,-0.00013368661524967493
-1.0754373956541752,-5.032895931528645,-0.23125865183465125,0.0051630286251617115,0.0016090047642816866,-0.00011931201117892016
-0.9271802836892346,-4.982491151548071,-0.23445563094619107,0.005226265248593686,0.0019254275781555236,-0.00010459704888540733
-0.7825935769684147,-4.925178824635711,-0.23712884680231852,0.005280830522827368,0.002241818551229313,-8.953611150672951e-05
-0.6418321667232286,-4.861514001739632,-0.23930234860450375,0.0053268737511284235,0.0025584094147556237,-7.412255245039478e-05
-0.5050238541276401,-4.792015290069374,-0.2409992850012815,0.005364497616837833,0.002875414147298607,-5.834882355697081e-05
-0.3709282588916759,-4.716371294982486,-0.24225241724147806,0.0053940198623664256,0.003196301566391265,-4.203855361066128e-05
-0.2410108108398024,-4.635703649913904,-0.24306413229268417,0.005415037103499116,0.003518121837229603,-2.5336385892082e-05
-0.11534145099112128,-4.550443651035015,-0.24345513892197992,0.005427522270214555,0.003841050923897832,-8.231641749486676e-06
0.0060262223309697285,-4.460995292332273,-0.24344531276428202,0.005431411504172017,0.0041652491753289755,9.286981333757023e-06
0.12305292261202105,-4.367737239948643,-0.24305372252291688,0.0054266058054698325,0.004490861278154207,2.7231341135526773e-05
0.23684824106706875,-4.270012828711018,-0.24228906156633542,0.0054127856184732525,0.004821390411311178,4.5805237087286645e-05
0.34621003739146355,-4.169067016413785,-0.24117099783767257,0.005389773402146823,0.0051537366303251834,6.48467862110275e-05
0.4511283454454816,-4.065217736971116,-0.23971646476527483,0.005357353239713047,0.0054880046443190385,8.437035502882499e-05
0.5516016522534127,-3.958763836121818,-0.23794169409408447,0.005315275148327942,0.005824280654148908,0.00010439066704217629
0.6476357727354343,-3.8499864588965873,-0.2358622464053701,0.005263255288920803,0.006162630978981385,0.00012492271944166916
0.7392428539544026,-3.739150346502776,-0.23349304189149575,0.005200976045043534,0.006503100383704625,0.00014598168875934244
0.8264404946603092,-3.6265050516643016,-0.2308483913083453,0.005128086014554311,0.006845710087469841,0.00016758282263221752
0.9092509681070721,-3.512286080503872,-0.22794202706409505,0.005044199959813839,0.007190455431219707,0.0001897413146381394
0.9877005380048681,-3.3967159682070656,-0.22478713443254514,0.004948898765559251,0.007537303180051365,0.00021247215891573908
1.061818859112764,-3.2800052949423892,-0.22139638290331454,0.004841729458752128,0.007886188434838994,0.00023578998099699417
1.1316384554163896,-3.162353647809305,-0.21778195770066996,0.004722205351512759,0.008237011126913846,0.00025970884097338516
1.1971942701103757,-3.043950533929867,-0.21395559151809806,0.004589806376804659,0.008589632070043984,0.0002842420047979411
1.2585232827442916,-2.924976249172116,-0.2099285965271966,0.004443979696870245,0.008943868545824334,0.0003094016792128396
1.3156641899165182,-2.805602706378323,-0.20571189672705728,0.004284140676564488,0.009299489402324201,0.0003351987055088879
1.3686571468296926,-2.685994226352267,-0.20131606070383026,0.004109674327660571,0.00965620965198986,0.0003616422071000637
1.4175435678654007,-2.566308294220423,-0.19675133486915333,0.0039199373457962814,0.01001368456402527,0.00038873918577391164
1.462365985100616,-2.4466962831057373,-0.19202767723993203,0.0037142608787467182,0.010371503259554509,0.00041649406150935994
1.5031679643742022,-2.327304146322909,-0.18715479180967096,0.0034919541827155404,0.010729181835706083,0.00044490815100388576
1.5399940791128521,-2.208273078504378,-0.18214216354206172,0.003252309341644015,0.011086156068358298,0.000473979080604434
1.5728899426296508,-2.089740145181204,-0.17699909398948507,0.002994607242116284,0.011441773773727348,0.0005037001302912483
1.6019022999951504,-1.9718388793592037,-0.1717347375009544,0.002718125011828566,0.011795286947360635,0.0005340595068391202
1.6273184560774325,-1.8534990393868502,-0.1663022674412382,0.002418996084444066,0.01214943201475826,0.0005653614389523007
1.6488783721525497,-1.7360247393715749,-0.16076235399888372,0.0020991176054800114,0.012499698050078216,0.0005972839275389838
1.666630890083457,-1.6195456197070373,-0.15512402338516326,0.001757767861795701,0.012844965705013709,0.000629794888041308
1.6806269890899297,-1.5041900186111221,-0.14939631652509722,0.00139426949439647,0.013183981784223135,0.0006628531603055075
1.6909202256428566,-1.390085373195465,-0.14358832856213166,0.001008008603890238,0.013515353062756317,0.000696407405415072
1.697567244505424,-1.2773585501270976,-0.1377092473772397,0.0005984567497802565,0.013837541986353216,0.0007303949891345262
1.7006414376312564,-1.1650000138840209,-0.13170697824203556,0.00016061383854654182,0.014152005360962047,0.0007650958312360368
1.7001213587592154,-1.0542654365919315,-0.1256491176736959,-0.00030189680479358855,0.014453604212735364,0.0008000844750475864
1.696074839200065,-0.9452855666993716,-0.11954551374689172,-0.0007892224509120304,0.014740294402220702,0.0008352553839565107
1.6884808822532382,-0.8370996648207243,-0.11334294711665316,-0.001306698275579597,0.015012570660994498,0.0008708494639595818
1.6774412970632202,-0.7309331591348041,-0.10711230786439647,-0.0018493336032473974,0.01526511906175223,0.0009063768911470487
1.6628780815614705,-0.6258629837049935,-0.10080014467019159,-0.0024225145259921367,0.015497687004649846,0.0009420398703319627
1.6447777644391341,-0.5220474125209632,-0.09441454610067951,-0.003026354657038016,0.015706986707870137,0.0009776637146262674
1.62337271857594,-0.42068383436269685,-0.08803010904411784,-0.0036540041216784874,0.015887776130924573,0.001012687967516695
1.5985105197107035,-0.32091224869304213,-0.08159383612467391,-0.004310529757270845,0.016038620544646755,0.001047237584979861
1.570212811169531,-0.22291192351476014,-0.07511636851233759,-0.004994662860054114,0.016155753914032314,0.0010810563775173392
1.5385161622541421,-0.12686930489256162,-0.0686093372234655,-0.005704537053686872,0.016235339691364398,0.0011138603454599826
1.503845891171689,-0.033916441258742894,-0.062151513816318504,-0.006430090870698553,0.016273401288475445,0.0011450292408574467
1.4659792996271208,0.05671551836811403,-0.05569205228201892,-0.007175050458190168,0.016267395565128896,0.0011745738314350533
1.4254407280519088,0.14395693350604238,-0.04931029250995357,-0.007927788994008459,0.01621487390888599,0.0012018944022295856
1.3819869743117297,0.22853291406534484,-0.04295695097839065,-0.008691145873914681,0.01611331321020389,0.0012269672553027096
1.33623688736448,0.3094542775795559,-0.0367107708639084,-0.00945228253751547,0.01596240367247959,0.0012492606899461034
1.2884340465545119,0.38663431294865863,-0.03058624671252199,-0.010205593428441375,0.015762366193949,0.0012685619727828184
1.2383143848226077,0.46074373654735357,-0.024536223759507914,-0.010952957417046267,0.015511485266211551,0.0012848529185684914
1.1866103910860468,0.5309538289547331,-0.018635253918183173,-0.011681169810990178,0.015213451828193142,0.0012978052564479245
1.1330439780009993,0.5979083629233088,-0.012837089133906809,-0.012391955716132535,0.014867338102165163,0.0013074375807467149
1.0778342220840462,0.6615250107183936,-0.0071550024464638005,-0.013079771282387789,0.014475329975217222,0.0013136467593155897
1.0212105921800263,0.7217442396719831,-0.0016014408788809632,-0.013739400157874485,0.014040462418007153,0.0013163890824725774
0.9628125048417345,0.7790942984312923,0.0038668535003182807,-0.014372354255867052,0.013561500852240015,0.0013156578696763707
0.9028313269880839,0.8334781440144851,0.009236916530889514,-0.014973575105787592,0.013041698842557957,0.0013114276593649376
0.8414701699122705,0.8848200486808396,0.014496475177039213,-0.015538513003364358,0.012485070064456368,0.0013037348304856774
0.7789405552977069,0.9330672079412466,0.019634168881493663,-0.016063274244814272,0.011896270321919275,0.0012926770742747204
0.7148081307434797,0.978634090965307,0.02469001061732632,-0.016549408326240835,0.011274055708870141,0.0012782487086881395
0.649253275412639,1.0214304000303107,0.029651844557187324,-0.016993319048032744,0.010623141151007234,0.0012605625777179486
0.5817833817190141,1.0617772310511253,0.034556929134215826,-0.017395968233199464,0.009941773966445185,0.0012395616969755135
0.5132532303540112,1.099180741487341,0.039344065430007936,-0.017750587569259093,0.009242022405145933,0.0012156325995245046
0.442446423310793,1.1342861722867397,0.044097206703730074,-0.018061701271010283,0.008515073605745997,0.0011884762432435116
0.37022841255991107,1.1666113892386973,0.048755364443579335,-0.018323676076700324,0.007773559671488262,0.0011585554154476495
0.2960413113987114,1.1963703739927363,0.053352575064472246,-0.01853746107229274,0.007015685126337843,0.00112581028796455
0.2200442795469746,1.2234297111357502,0.057875182932145615,-0.018701487168515385,0.006247137256926757,0.0010904880005264703
0.14240880639426193,1.2476758106895571,0.06231011884615892,-0.018815060792155298,0.005473717913141796,0.0010528770457742364
0.06251542431479509,1.269215329204595,0.06668803741577889,-0.01887874253549843,0.004693440745862374,0.0010128916114111974
-0.019481803808891866,1.2878856626252349,0.07099389608326288,-0.018892063002950245,0.0039121232003122616,0.0009708300295623929
-0.10426138393078975,1.3036839173133723,0.07525474439014977,-0.0188548089640614,0.0031278056695693817,0.0009265769164691702
-0.19080987508966127,1.3162799396780722,0.07941194528862512,-0.018767889218695197,0.0023541455875134183,0.0008809132872520286
-0.27982058545834015,1.3256477750559885,0.08349188463545522,-0.018631809823555376,0.0015889301832526972,0.000833738798783358
-0.3711215385954569,1.3316043620853308,0.08747768627269553,-0.018448031104444925,0.0008376685098334022,0.0007854123498981547
-0.4654644321309345,1.333992083383571,0.09139089944379249,-0.018216270185827246,9.830687031480098e-05,0.0007358106345698824
-0.5617196262334045,1.3325897862494476,0.09517417015111757,-0.017941158343879608,-0.0006166733138499405,0.0006857998212564755
-0.6596772874411314,1.3272781472572377,0.09881257906674674,-0.017626207091981032,-0.0013032468919173372,0.0006357401599238439
-0.7601182096221011,1.3178471998566403,0.1023259881976082,-0.01727165402127508,-0.001964432584224714,0.0005854766036948067
-0.8618235126686086,1.3042571414192032,0.10566335192299252,-0.016884809125400215,-0.0025904015758441415,0.0005358381201856444
-0.9635602255996804,1.2866503468605073,0.1087829915143205,-0.01647423239105271,-0.0031736729765815715,0.00048757579657327036
-1.066149253921142,1.2648719843037892,0.11170938322969323,-0.016040316934144663,-0.0037196052489254293,0.00044041326473740356
-1.1693888217987571,1.2389004943178406,0.1144332607209586,-0.015587105137924464,-0.004227618323959676,0.0003945442436088851
-1.2720627039175065,1.2090455256169277,0.11692273614140462,-0.015123103223493629,-0.0046932290112784904,0.00035055423641669665
-1.3750352198808675,1.1750646403177265,0.11919925051662504,-0.01464724972302498,-0.0051221499954875686,0.0003080892365193408
-1.47711709417584,1.1373629222855695,0.12123719957038272,-0.014167515324993989,-0.005511408184182212,0.00026763094568565314
-1.5791900738237021,1.0956300339653153,0.1230550214063524,-0.013681898985237419,-0.005866489777056924,0.0002288000288204457
-1.6810964587274415,1.0498871037356925,0.1246475443076367,-0.013192890591530478,-0.006188553980682466,0.0001916331301186329
-1.7816878725467353,1.00066888032192,0.12599787305051174,-0.012707507432423291,-0.006476215513861684,0.0001564871571448476
-1.881858910506437,0.9475567035405743,0.1271190554247614,-0.012222654690775292,-0.006734268662523488,0.00012297663740417516
-1.9814714358628063,0.8905803465263491,0.12800717547422058,-0.011739943977830918,-0.00696413697939183,9.108858565653189e-05
-2.0803914772113994,0.8297721972747277,0.12865862682443402,-0.011260750356446152,-0.00716727811741553,6.079867227833401e-05
-2.1784885632931634,0.7651666607313257,0.12907005341238145,-0.010786231731028825,-0.0073451553664396286,3.2073552534638895e-05
-2.2756350276025183,0.6967996992548613,0.12923829654912397,-0.010317349222133003,-0.007499214871977585,4.872925559103704e-06
-2.371705299504644,0.6247085002998752,0.12916034837722665,-0.009854887636535971,-0.00763086788454056,-2.0848677092242087e-05
-2.4665751945200185,0.5489312596885152,0.12883331159645098,-0.009399475382683948,-0.007741477356194296,-4.5140362128594335e-05
-2.560121212960427,0.46950706906790646,0.128254365204301,-0.008951603381830483,-0.007832348214408053,-6.805358596140943e-05
-2.6522198532042793,0.386475896863676,0.12742073592079334,-0.00851164268713553,-0.007904720685927815,-8.964108423133545e-05
-2.7427469435451557,0.29987865306796246,0.12632967492846436,-0.008079860649422755,-0.007959766102982073,-0.00010995599494377148
-2.8315769946801574,0.2097573294096354,0.12497843954968182,-0.0076564355636743785,-0.007998584691493048,-0.000129051150579662
-2.9194369138251015,0.11520848100955997,0.1233469240837448,-0.007237391985332682,-0.008022366515716884,-0.000147150841513099
-3.005273883114886,0.017188689355373127,0.1214450624861686,-0.006827150194271492,-0.00803163141013564,-0.0001641061599180987
-3.0889538516019166,-0.0842516264123102,0.119270228211352,-0.006425680040745596,-0.008027305380804345,-0.000179968798581112
-3.17033905070297,-0.18905988949839217,0.11681976327143162,-0.0060329054736072306,-0.008010241780467768,-0.00019478832998227476
-3.2492874185750007,-0.2971809053909191,0.11409098023601451,-0.005648712827700233,-0.007981224229157034,-0.00020861203320509514
-3.3263968416266634,-0.40967836601517443,0.11104986350361457,-0.0052692686582661704,-0.007940515973283161,-0.00022160797652366114
-3.4006898326338826,-0.5253923431493417,0.10772045371793149,-0.004898378710064021,-0.007889038362528772,-0.00023367378397950864
-3.472007097495622,-0.6442526647902476,0.10410018899508734,-0.004535837283421758,-0.00782741117012273,-0.00024485149256484647
-3.540182776885291,-0.7661842035547702,0.10018651434976113,-0.004181424372902013,-0.007756193652802428,-0.00025518041369012863
-3.6050439058740436,-0.8911061149773143,0.09597690155306339,-0.00383490957009032,-0.007675887998017833,-0.0002646971646207975
-3.6664098765410755,-1.0189310127309983,0.09146887254896663,-0.0034960553269901416,-0.007586942544033118,-0.00027343571317182643
-3.7240919006529176,-1.1495640752930303,0.08666002661101467,-0.0031646196728083702,-0.00748975474112101,-0.00028142743020560725
-3.778406534426815,-1.2842392507588232,0.08149578513304627,-0.0028371738629256946,-0.007383591909295312,-0.00028876986027288345
-3.828533262377181,-1.4215112095162186,0.07602204259929157,-0.002516899070347376,-0.007269729741417134,-0.0002954049900251403
-3.874253800856007,-1.5612519450429878,0.07023702472492344,-0.0022035346051251714,-0.007148440962760124,-0.00030135814120793873
-3.9153393014425304,-1.703321438187146,0.06413918849226384,-0.001896823272314258,-0.007019953958054471,-0.00030665207807221414
-3.951549768617507,-1.847566249102571,0.057727275564780633,-0.0015965123878004712,-0.00688445442400383,-0.0003113070567323846
-3.9826334650807618,-1.9938179758938608,0.051000372472313905,-0.001302354599456199,-0.0067420866442317,-0.0003153408617462354
-4.008326303355902,-2.1418915624234187,0.04395797846977754,-0.00101410855535719,-0.0065929543756289635,-0.0003187688276419274
-4.028351222727877,-2.2915834349387523,0.03660008214007145,-0.0007315394565439983,-0.0064371213306889516,-0.0003216038430487574
-4.042417551039367,-2.4426694438813263,0.02892724801092417,-0.00045441952873289586,-0.006274611234526199,-0.0003238563348906385
-4.05022035146164,-2.5949025833211725,0.020940714692584628,-0.00018252844548550227,-0.006105407427723318,-0.0003255342297655761
-4.051460885162424,-2.7465015547465965,0.012725615590415766,8.174570360790558e-05,-0.00593121539667461,-0.0003266347474434897
-4.045918308902663,-2.89871660536977,0.004204934415624543,0.0003413845499072745,-0.005750245814027802,-0.000327179897661294
-4.033244330529947,-3.0512243409992172,-0.004617664199094369,0.0005965708513713941,-0.005562353416279355,-0.0003271690893524387
-4.013073932424608,-3.2036671834347437,-0.013737322655652626,0.0008474790433384599,-0.005367347187345335,-0.0003265989033927839
-3.9850246832526146,-3.3556494782165114,-0.023147805791499197,0.0010942745174010206,-0.0051649868712018475,-0.00032546287356114155
-3.9486960593535856,-3.5067330903654774,-0.032841287980607696,0.0013371127208583553,-0.004954978596995497,-0.0003237512119189954
-3.9036687882560304,-3.6564324003764033,-0.04280810665027475,0.0015761380111036806,-0.004736969449983986,-0.00032145046689236817
-3.849504231530961,-3.8042085940551256,-0.05303647572243514,0.0018114821809916623,-0.004510540775910223,-0.000318543099109959
-3.7857438305786206,-3.949463116288116,-0.06351215095085704,0.002043262545715983,-0.0042751999468433124,-0.00031500695578089903
-3.711908647638526,-4.091530129008834,-0.0742180371509886,0.002271579446099417,-0.0040303702382356015,-0.00031081461869897597
-3.6274990462478676,-4.229667775464286,-0.08513372476019701,0.0024965129731755516,-0.0037753783630476985,-0.0003059325932900548
-3.5319945718909764,-4.363048003617419,-0.09623493981782896,0.0027181186481347198,-0.00350943906946333,-0.0003003202956841868
-3.423730052249719,-4.491980717176542,-0.10760534905882195,0.002938572766133422,-0.0032288146305679494,-0.00029386122011105734
-3.3017989760427673,-4.615179830644873,-0.11921118796943801,0.0031577106780726048,-0.0029320983268145127,-0.00028647207307312943
-3.1638239000667263,-4.732265012594692,-0.13112705441119943,0.0033774575927882455,-0.0026144241112358423,-0.00027796476700007045
-3.006759949613692,-4.842209849313515,-0.14341908648191679,0.003599553585957974,-0.0022698213936698333,-0.00026808357342838194
-2.832235215005878,-4.940361947704755,-0.15576836140477893,0.003819008535347181,-0.001902143371503657,-0.00025683846214541483
-2.648847657447671,-5.0205700833558335,-0.16749475972829203,0.004024957397882355,-0.001527842183412019,-0.0002446906920895176
-2.4687771425466747,-5.079570423498,-0.17793194607021057,0.004207090463102674,-0.001168347499724921,-0.0002323951544848723
-2.2932670072229784,-5.120345570974934,-0.18719266903022683,0.004368444401692452,-0.00082269397200917,-0.00022002098760247015
-2.1214773219508305,-5.145699485834785,-0.1954634745465205,0.004512924167775176,-0.0004866657337918895,-0.00020749493575882477
-1.954113470618895,-5.15754345492967,-0.20282027671151312,0.004642234667202609,-0.00015970150555209904,-0.00019485476396037253
-1.788367292708041,-5.157475270447226,-0.2094627876041814,0.004760100912265197,0.00016523499042386572,-0.00018186623843823127
-1.6263686869994447,-5.146557683218236,-0.2153635396126894,0.004866130384843147,0.00048526440444697586,-0.00016867059549704458
-1.466875317546478,-5.125666571800159,-0.22062009993336282,0.004962065369803834,0.0008039474736877949,-0.00015514357515300395
-1.3102235745456539,-5.095564703215955,-0.22526056409546485,0.0050483451478369485,0.0011216157961156362,-0.00014128471405554024
-1.1566995714983923,-5.056962167000973,-0.22931217180405433,0.005125330292285485,0.001438575352821671,-0.00012709178935735278
-1.0065457029138525,-5.01052060793463,-0.23280127474299803,0.005193312470790238,0.0017551088499536743,-0.00011256108407176558
-0.8599662596241342,-4.956857048800795,-0.23575331981589132,0.005252522424765411,0.0020714776864787098,-9.768759976227965e-05
-0.7171322594727004,-4.896547352523893,-0.23819284418915326,0.005303136486562934,0.0023879235852404123,-8.246522895158884e-05
-0.5781856206202458,-4.830129366233872,-0.24014347935485333,0.005345281913879261,0.0027046699192465125,-6.688689671877878e-05
-0.44187554391939443,-4.757337282572111,-0.2416408896644493,0.005379345194796013,0.003025190197235431,-5.07787327149456e-05
-0.3096994493288277,-4.67927759410818,-0.24268535387177612,0.0054048995024997765,0.0033465453540986573,-3.428385305973998e-05
-0.18173699880499003,-4.596397126019091,-0.24329803755296894,0.005421938030750717,0.003668919918758696,-1.739192471921044e-05
-0.05805031115177278,-4.509114272829282,-0.24349925976733922,0.005430416101820267,0.003992482735177188,-9.195116656384287e-08
0.061313861756758806,-4.417821061740196,-0.24330851828158254,0.00543025303193506,0.004317387037740744,1.762765692558189e-05
0.17632222074003068,-4.322885054550201,-0.2427445164996357,0.00542133360014932,0.004643770295993439,3.577901432028667e-05
0.28806868788943474,-4.223624406298498,-0.24181394672965378,0.00540327891079783,0.004975137061215351,5.456837473202951e-05
0.3953757376216544,-4.121291824965736,-0.24053788645948787,0.005375935818242972,0.005308372133057472,7.383204523906963e-05
0.49823745794727564,-4.016196236498079,-0.2389329405895401,0.0053390725311879585,0.005643571826864901,9.358457130283581e-05
0.596655851957471,-3.9086281325300734,-0.23701502640750724,0.0052924233008798515,0.005980813348410089,0.00011384081822714814
0.6906397743760002,-3.7988609147972663,-0.2347994042397819,0.005235688564293033,0.006320153283719366,0.0001346158830853863
0.7802039907547721,-3.687152153276798,-0.23230070831735578,0.005168534976443913,0.006661625780823599,0.00015592499429774577
0.8653683461519822,-3.573744766640207,-0.22953297779647908,0.0050905953763226,0.007005240402536119,0.00017778339593550505
0.9461570321756999,-3.4588681327025395,-0.2265096879072115,0.005001468733540496,0.007350979627102305,0.0002002062136012984
1.0225979430438712,-3.3427391357446994,-0.22324378122989513,0.004900720127041041,0.007698795971803023,0.00022320829846796515
1.094722112855071,-3.225563156852101,-0.219747699121458,0.004787880813130578,0.008048608713507622,0.0002468040457623413
1.1625632276240807,-3.1075350127338845,-0.21603341333097267,0.004662448447704792,0.008400300180000398,0.000271007183665501
1.2261572068454236,-2.9888398478459637,-0.21211245785743238,0.004523887536926493,0.008753711586957291,0.0002958305282822147
1.2855418504323406,-2.869653984021436,-0.20799596111240085,0.004371630201793029,0.009108638398120768,0.0003212857000296098
1.3407565478582228,-2.750145731197006,-0.20369467845594783,0.004205077355020456,0.009464825191000333,0.00034738279653475626
1.3918420472165078,-2.6304761621976382,-0.19921902517577883,0.004023600403404167,0.009821960017912697,0.00037413001694828503
1.4388402827223226,-2.5107998538871934,-0.19457910997615754,0.0038265436051236534,0.010179668263085234,0.0004015332325219882
1.4817942599080647,-2.3912655962936147,-0.1897847690343312,0.0036132272290182663,0.01053750601171697,0.00042959549842131535
1.5207479984131582,-2.27201707055678,-0.18484560066669467,0.0033829516811291465,0.010894952967276163,0.0004583165021224781
1.5557465328265823,-2.1531934957093366,-0.17977100062364587,0.0031350027819442156,0.011251404979960309,0.00048769194446913246
1.5868359724936556,-2.0349302433710617,-0.17457019799955492,0.002868658394580674,0.01160616628325113,0.0005177128506440275
1.6140636215224402,-1.9173594184033524,-0.16925229170088854,0.0025831966178946676,0.011958441577937148,0.0005483648100731669
1.637699422184329,-1.7994139182512057,-0.16376993000921553,0.002274659224810072,0.012310896703237472,0.0005799518787403468
1.6575019444332644,-1.68239397520693,-0.15818431767129654,0.001945042274429139,0.01265897427886091,0.0006121455586399525
1.6735209889740263,-1.566428539181347,-0.1525044817032329,0.0015936427869582541,0.013001494744470144,0.0006449097314010869
1.685808686858602,-1.4516454474424294,-0.1467394819064823,0.0012198105669152218,0.013337141755531245,0.00067819870488955
1.694419971843695,-1.3381717943863727,-0.14089844996795015,0.0008229686131138719,0.013664456796088216,0.0007119561010915903
1.6994131230173435,-1.226134225488562,-0.13499062724424452,0.000402636449182532,0.013981835983666435,0.0007461137463977122
1.7008469093189285,-1.114531053907693,-0.1289637605340246,-4.623851203856737e-05,0.014290607819857588,0.0007809466706419322
1.6987187495387037,-1.004611367189344,-0.12288584384414533,-0.0005198509432290827,0.014585610512935178,0.0008160208750917756
1.6930234465854115,-0.8954034624736292,-0.11670369367097343,-0.0010235132445969297,0.014867519548333435,0.0008515862067739858
1.6838396621993708,-0.7881415811093595,-0.11048775238672874,-0.0015525122617351121,0.015131013911370554,0.0008871635836642396
1.6711032883915193,-0.6818903372381901,-0.10418445415275991,-0.0021122628348413676,0.015376029524719656,0.0009229666411753629
1.6549782217486795,-0.5778637891386981,-0.09786655882241369,-0.002696934010328992,0.015597221794940719,0.0009584701893792669
1.635347971338552,-0.4751682327540452,-0.09148067246248939,-0.003311831729650868,0.015793751279061793,0.0009938412257437998
1.6122140051042628,-0.3739730644431831,-0.08503608905333677,-0.003956471550761536,0.015962034563857516,0.0010288649648878018
1.5855895347297086,-0.2744564641941475,-0.07854305234976648,-0.004629874536660692,0.016098303072244302,0.0010632966980329566
1.5558238326517255,-0.17778403667941406,-0.07207911397599762,-0.005323261406484449,0.01619784467572016,0.001096527491370393
1.5227161513749456,-0.08315141577472776,-0.06559237191697712,-0.0060409888525150696,0.01625839368419665,0.0011286085227236702
1.4863294265224296,0.00925022624636278,-0.05909577211028286,-0.006780231938260102,0.016276259334620728,0.0011592253031408484
1.447163258122042,0.09832835575654435,-0.052668910468028705,-0.0075297080351193,0.016248490237313114,0.0011877645091070061
1.4054205705600125,0.1839570918700465,-0.04632678677060341,-0.008284695852991054,0.01617350265213115,0.0012139504803678717
1.3608546921823836,0.26685166233326685,-0.040020517126467633,-0.009047848903588222,0.01604886141488556,0.0012377568598394362
1.3141036958316579,0.3460475307314062,-0.03382827191889964,-0.009806178288417742,0.015874849271268837,0.0012586782225360589
1.2654168184094774,0.4214681074690673,-0.027764220753146544,-0.01055403592789936,0.015652085576570628,0.0012765218529533732
1.2145270321507735,0.4937767877774429,-0.021781489276306947,-0.011293243082769707,0.015379040641127273,0.001291277386198178
1.161633784978428,0.5628576170879507,-0.015894396705631687,-0.012018009741354111,0.015056529674808113,0.0013027570930165269
1.1075140778982602,0.6279649697666521,-0.010174749746387315,-0.01271557367187009,0.014690257548868752,0.0013107602398734382
1.0518773459134123,0.6897267315226299,-0.004576666131343391,-0.013387834630224369,0.01427985355541939,0.0013153427945818805
0.9943656647294348,0.7486760319395067,0.0009432715399926087,-0.014036263626708317,0.01382387607668624,0.0013164851491009077
0.9351632075319634,0.8047049221977948,0.006371793005356499,-0.01465558480493022,0.013325139984909801,0.0013141292084047401
0.874467562079927,0.8577256977250162,0.011696193765658265,-0.015240943361892793,0.012787270317454628,0.0013082779296406481
0.8124866051434709,0.9076728591390565,0.016904567322697035,-0.015788066383759753,0.012214604476582394,0.0012989964396017187
0.7494350036191237,0.9545044095650798,0.021986016207226188,-0.016293396951938623,0.011612057883209443,0.0012864100879620042
0.6848760504638363,0.9986313357137274,0.02698045795470287,-0.016758648587572963,0.010978468659100224,0.0012705242418679025
0.6183191151689738,1.0403785410858755,0.03192527930099488,-0.017184647099130475,0.010311930594883953,0.0012512680929251028
0.5506033279865125,1.0792275038242634,0.03675856342987539,-0.017563981975122444,0.009624114468020134,0.0012289807534390201
0.4812296582695419,1.1154897545701126,0.041517304854001166,-0.017898111136946105,0.008913503576097803,0.001203637997069785
0.40964711944974386,1.1493902240448923,0.04623586022032205,-0.018187449525566186,0.008178075800855725,0.0011751462210178598
0.3367348388901679,1.1804676198125534,0.05085382889755464,-0.018426959900759435,0.007430690549963389,0.001144004504503847
0.2619324648513415,1.2089329110588776,0.05540518191280434,-0.01861776475295065,0.00666955637060508,0.0011101601920088335
0.1854034596861098,1.2346622243955365,0.05987661131148645,-0.01875869381712904,0.005900382047270258,0.0010738775876681583
0.10653167832291724,1.2577668487683513,0.06429889102034869,-0.01885010239957078,0.0051211808060376285,0.0010350626242967278
0.02546355531280506,1.2780738279342028,0.0686567199903006,-0.018891042235226727,0.0043377767193515625,0.0009939947932152344
-0.05763856453967228,1.295428365592855,0.07293514922987929,-0.018881449882774733,0.0035560198669283057,0.0009509904840018046
-0.14345610254988686,1.3098221768907155,0.0771610512659794,-0.01882128762879083,0.0027739360349611046,0.000905940554590239
-0.2318394750136331,1.3210422491665799,0.0813168149841847,-0.018710754123340934,0.0019974804920317177,0.0008591776387832149
-0.32262041494099414,1.3288934755129658,0.08538505627451903,-0.01855093098295651,0.0012324367796515054,0.000811060414124656
-0.41561509729708507,1.3332008403322624,0.08934886250167269,-0.018343719211155983,0.00048424608500570546,0.0007619617502135588
-0.5106275222984827,1.3338108742066586,0.09319200748755177,-0.018091739868008723,-0.0002421383679589287,0.0007122567873913303
-0.607452974084787,1.3305923636672436,0.09689912889502152,-0.017798208312478334,-0.0009423640048477519,0.0006623117505962314
-0.7068660536475903,1.3233452429604569,0.10049038017359833,-0.01746332521946359,-0.001619250952147721,0.0006119809395534471
-0.8076617169368489,1.3119966815709785,0.10391346990445371,-0.01709402581023274,-0.0022624530923633103,0.0005621064961450437
-0.9096219324255774,1.2964820980141218,0.10715613443724939,-0.01669459932698882,-0.0028697117271474703,0.0005129835532484353
-1.0125321208362212,1.2767564581264224,0.11020731422985029,-0.016269361113979128,-0.0034394859630690324,0.0004648691572546044
-1.1151608682934233,1.2530486433690957,0.11303010913871861,-0.015827023221502562,-0.003965860028766252,0.00041843516607114543
-1.2183533019250232,1.225163684802196,0.11564777849615468,-0.015367296914043727,-0.004454494249799219,0.0003733614132199995
-1.3208997599739731,1.1934346048434687,0.1180299719294475,-0.014898573507743871,-0.004901302052043357,0.0003302071717266378
-1.4236692268294517,1.157603225120996,0.12019745937977284,-0.014419554095711494,-0.005311963919174592,0.00028861066944437387
-1.5254800613301003,1.1180953662101591,0.12212607321937843,-0.013938052331719583,-0.005683804322384853,0.0002490310887199482
-1.6272165131501692,1.0745838976120776,0.1238334363909801,-0.01345186538321716,-0.006022212705036148,0.00021108627792228952
-1.7287247923252036,1.0270914570792176,0.12531461625717144,-0.012963325636883374,-0.00632841093338982,0.00017480314956755624
-1.8298570348915866,0.9756454755558533,0.12656517912055174,-0.01247448114070752,-0.0066037567847256635,0.0001401898049522151
-1.9294843623374387,0.9208406042701703,0.12757227735047955,-0.011991888240362018,-0.006847417133220275,0.00010755456607122963
-2.0285020828519524,0.8622033462996115,0.12834599774716413,-0.011512058699904988,-0.007063767142392564,7.651903442874445e-05
-2.1267785780002093,0.7997659200985773,0.1288828190444726,-0.011036253492504254,-0.007254249514314906,4.70551206268807e-05
-2.2241853133346408,0.7335623678938216,0.12917944306862733,-0.010565528902388783,-0.007420302344923246,1.912677859680998e-05
-2.320596150241227,0.6636281618307287,0.129232745672002,-0.010100756549465562,-0.007563339011950712,-7.308094971796335e-06
-2.4158866495783644,0.5899999294836833,0.12903973384528136,-0.00964264321915414,-0.007684732675831134,-3.229602050085266e-05
-2.5099333779421027,0.5127152875911078,0.12859750883510707,-0.009191749953025274,-0.007785804734051953,-5.588654056821618e-05
-2.6026132242742506,0.4318127732988657,0.12790323499240186,-0.008748510033365927,-0.007867816595386865,-7.813105029685972e-05
-2.693802731953815,0.3473318630160961,0.12695411401799517,-0.008313245636393105,-0.007931964189239556,-9.908183024192299e-05
-2.784258363808647,0.2584214866488697,0.12573408071500047,-0.007881984186781144,-0.007979765137860114,-0.00011898091346725126
-2.872907972548245,0.16597688205539834,0.1242489496315658,-0.0074593750477652005,-0.008011575137556032,-0.00013766125771873757
-2.9596222847995843,0.07004490784719324,0.12249609168502164,-0.007045480482891349,-0.008028423758321454,-0.00015517649619634514
-3.0442692213455675,-0.029325979577443387,0.12047285238945557,-0.006640302113584605,-0.008031265793141134,-0.00017157861709990498
-3.1267132989187556,-0.1320853546841353,0.1181765481134872,-0.006243791059641591,-0.008020983332212961,-0.00018691767008926057
-3.206815051366697,-0.2381803972544954,0.11560446606961292,-0.005855856758491271,-0.007998388362567176,-0.0002012415543677443
-3.2851881873909963,-0.3486577051332314,0.11272415704355461,-0.0054726484087348455,-0.007963830819363036,-0.00021472376027066242
-3.3608470827020898,-0.46238125451449485,0.1095580321759176,-0.005098027020018268,-0.007918192459630656,-0.0002272575372776458
-3.43363597871216,-0.57928417072386,0.10610349158965163,-0.004731800833694102,-0.007862120326292937,-0.0002388858500459416
-3.5033928663408354,-0.6992949973954007,0.10235793455401541,-0.004373761308393318,-0.007796199953679548,-0.00024964898288688483
-3.5699489464808742,-0.8223369743065063,0.09831877722074088,-0.004023687363864231,-0.007720958816295113,-0.0002595845576121817
-3.633128094647153,-0.9483272547168518,0.09398347382604373,-0.003681348943700551,-0.007636869583040409,-0.0002687275680856705
-3.693319812962822,-1.0784694744281236,0.0893020233690937,-0.003343222007020445,-0.0075433935298704615,-0.0002771899541789706
-3.7496632732908624,-1.2113820522276078,0.08431522842111448,-0.003012605981165137,-0.007441739879680506,-0.00028490533688621235
-3.8019556558192935,-1.3469540652952379,0.07902100341311265,-0.002689241954699243,-0.00733224945460453,-0.0002919026791279734
-3.849984492232268,-1.4850645407644698,0.07341742378882492,-0.0023728722109194436,-0.0072152161487332635,-0.0002982083375035922
-3.893527101317948,-1.625581233799742,0.06750276998978733,-0.002063241634352237,-0.007090889074056207,-0.00030384612288429956
-3.932350014774391,-1.768359295274983,0.061275577066064,-0.0017600988516950171,-0.006959474350708317,-0.0003088373522631314
-3.9662083913810684,-1.913239815174802,0.054734690595778096,-0.0014631971565902777,-0.006821136533625539,-0.0003132008894506907
-3.994845418018936,-2.06004822565451,0.0478793297283776,-0.0011722952617559178,-0.006675999665659315,-0.0003169531723290913
-4.01799169638205,-2.208592545152315,0.04070915831963475,-0.000887157917294381,-0.006524147943708622,-0.00032010822437453945
-4.035364614648536,-2.3586614419616567,0.033224365306170504,-0.0006075564304388239,-0.006365625979489755,-0.00032267764803271554
-4.046667703894615,-2.5100220921390246,0.02542575568057067,-0.00033326911956367447,-0.0062004386300762325,-0.000324670597274889
-4.051589979676802,-2.662417802413165,0.01731485368337199,-6.408173402772619e-05,-0.0060285503650991746,-0.00032609372626385397
-4.04980527002007,-2.815565363712838,0.00889402013602791,0.00020021212857865137,-0.005849884127179618,-0.0003269511104960759
-4.0410938606886715,-2.967640746310604,0.0002538868499869287,0.000457280049433516,-0.005666178461627961,-0.00032724400437378505
-4.02511686804833,-3.1198615795557525,-0.008685517491269182,0.0007100106590485105,-0.005475484973090775,-0.00032698201637033805
-4.001502252005724,-3.27185549782455,-0.01791881070478163,0.0009585719447604462,-0.005277591185714236,-0.000326160298864735
-3.96986030568137,-3.4232103152442974,-0.027439148112544012,0.0012031226672793722,-0.0050722338890694125,-0.0003247708683213823
-3.9297829853587896,-3.573469389839075,-0.03723799667316312,0.0014438113566633346,-0.004859094328122311,-0.00032280230279758086
-3.8808432691144574,-3.7221263468269643,-0.04730487302579953,0.0016807750310359939,-0.004637792260241443,-0.00032023936656670147
-3.8225945637646532,-3.868619045710935,-0.05762703836994817,0.001914137544578375,-0.004407878643905853,-0.0003170625452789973
-3.75457018701258,-4.01232264991838,-0.06818914140269827,0.002144007442010859,-0.004168826657216441,-0.00031324747027779653
-3.676282961581155,-4.152541624785228,-0.07897279834119861,0.002370475155785012,-0.003920020656479599,-0.0003087642042563912
-3.5872249717529128,-4.288500447355438,-0.0899560962037898,0.002593609324478947,-0.0036607425680570673,-0.0003035763517435248
-3.485812568038881,-4.420602987377936,-0.10122455557738222,0.0028156184149169075,-0.0033874083867240406,-0.0002975770775841824
-3.3711602353406924,-4.547650559000065,-0.11274833486251558,0.0030363603626320733,-0.003098724259418113,-0.0002906901471311237
-3.242336510532472,-4.668260806954402,-0.12448942166876228,0.0032556500296901827,-0.0027931642629319777,-0.00028282494658662775
-3.095345780759752,-4.782977833420002,-0.13663769866126219,0.00347754243485096,-0.002462275320405237,-0.00027368323427721903
-2.9299601038065766,-4.888257030399701,-0.14900906181158885,0.0036992849860584855,-0.0021063583960116076,-0.0002631710423821007
-2.7502689586150653,-4.978900969485454,-0.16115617540546248,0.003913868686559706,-0.0017335894704740597,-0.000251453054834147
-2.569535986655469,-5.048820906915715,-0.1722152379696339,0.004107419107615989,-0.001368721224404179,-0.00023932238504198363
-2.392743506526907,-5.099163703855126,-0.18204898869960004,0.004278812179039194,-0.0010181777279087366,-0.00022708418530068374
-2.2191855840458525,-5.132976864670707,-0.19085187797832143,0.0044322873442267045,-0.0006776240442854507,-0.00021467212110853402
-2.049678390276109,-5.152287444706259,-0.19870168890585632,0.004569718541750315,-0.00034644383277958617,-0.0002021277336690667
-1.88315529282209,-5.158917717585632,-0.20574053855234672,0.004693892778398399,-2.0813624465448588e-05,-0.00018935433156897798
-1.720131071793119,-5.154161198400342,-0.2120183044392209,0.004805838923464543,0.0002996670472018227,-0.00017637133870861704
-1.5593928251344533,-5.13899550651152,-0.2176369201833385,0.004907421183930593,0.0006185827530066986,-0.0001630580846822754
-1.401307774653519,-5.114214136277614,-0.22262492018923535,0.004999129183097374,0.0009362791351289033,-0.00014941535915978136
-1.2461887609561282,-5.080555400991065,-0.22701001113356412,0.005081367584711678,0.001253074710589166,-0.0001354420238361794
-1.0943014021606892,-5.038706912823018,-0.23081902914576335,0.005154467115333998,0.0015692634375046813,-0.00012113531450919028
-0.9458702068470979,-4.989309622485646,-0.23407791491946633,0.0052186935216150514,0.0018851168853633352,-0.00010649108193695336
-0.801083819486389,-4.9329614721441954,-0.23681170252564238,0.0052742548782999015,0.00220088604981342,-9.150398594210584e-05
-0.6600995415149357,-4.87022070769861,-0.23904451870112262,0.005321307568325367,0.0025168028470693984,-7.616765373498432e-05
-0.5216579722730187,-4.8008741738452905,-0.24081524318239542,0.005360315497915466,0.0028363380038629953,-6.031147101267574e-05
-0.38728832211671,-4.726008260186192,-0.24212178399583384,0.005390829267679569,0.0031565675304273005,-4.4076826886323745e-05
-0.2570807078302729,-4.646086241108367,-0.24298578426600143,0.0054128670618670315,0.0034776832647784115,-2.7453991935673123e-05
-0.13110635982997718,-4.5615417572449894,-0.2434280288715667,0.005426408261573341,0.0037998612113975243,-1.0432543988873664e-05
-0.009419958661509145,-4.472780973575364,-0.24346846840935976,0.005431395591364859,0.004123261757630817,6.9985575980217035e-06
0.10912318039374987,-4.379213193781236,-0.243120799933458,0.0054276538398617385,0.004451378681638455,2.503681171068652e-05
0.22326301734150153,-4.282060822740415,-0.24240114014156966,0.0054149506292477355,0.004781149927018862,4.3524599836533795e-05
0.33297924528177864,-4.181664096290397,-0.24132722366152357,0.005393111225663563,0.0051126980136879056,6.247560811604598e-05
0.4382614168525496,-4.078342541242287,-0.23991605146645686,0.005361926769836865,0.00544612819048639,8.190394949782468e-05
0.5391076605242072,-3.972396470530287,-0.23818392091199064,0.005321154712270716,0.005781527393505634,0.00010182408949823764
0.6355235447370485,-3.864108376590928,-0.23614645615344573,0.00527051907194483,0.006118962928789213,0.00012225076401159427
0.7275210728474221,-3.7537442331569504,-0.233818638815301,0.005209710562028109,0.006458480863579514,0.00014319888656351293
0.8151177944448321,-3.641554714561329,-0.23121483882982524,0.005138386626025093,0.006800104107605921,0.0001646834422575365
0.8983360208180374,-3.527776340685568,-0.22834884539825118,0.005056171429334481,0.007143830163559138,0.00018671936547442415
0.9772021342542645,-3.4126325548298757,-0.2252338980575957,0.00496265585434539,0.007489628523965965,0.00020932139815211476
1.051745982509359,-3.2963347410105346,-0.22188271786043906,0.004857397551936307,0.007837437690316503,0.000232503925210039
1.1220003512341954,-3.179083186482935,-0.21830753869448247,0.0047399211086008,0.008187161789698224,0.00025628078339389224
1.1880005084210337,-3.0610679946298895,-0.2145201387840455,0.0046097183964441775,0.008538666764617276,0.00028066503951860083
1.2503977069415741,-2.941247306412244,-0.21048983274149713,0.004464702152360903,0.008895416765282113,0.0003059292482600995
1.3079816561046842,-2.8221899685067533,-0.20630813720398405,0.004307186924102777,0.009250054936900088,0.00033157951938690114
1.361426536445506,-2.7028865229834076,-0.20194705259372933,0.004135212592901049,0.009605800363036229,0.0003578699487402217
1.4112607758992433,-2.582266346613928,-0.1973694002261612,0.00394614317259702,0.009965988874393922,0.0003850880984519158
1.456529195167204,-2.4628935488254466,-0.19267666814287335,0.003743087626772725,0.010323016926924973,0.0004126947741869396
1.4981891934632428,-2.3425053107703513,-0.18778388301912619,0.0035212396564083836,0.010683616848308805,0.00044124973464560255
1.535813968748284,-2.2224302909052986,-0.18274636613331913,0.0032817925316142305,0.011043685706214963,0.00047048144822828486
1.569446913650273,-2.102808537177058,-0.17757349258570812,0.0030239911120525345,0.011402569543639426,0.0005003845428806492
1.599132496103443,-1.9837766007606958,-0.17227448995876016,0.0027470730598975674,0.011759515045596709,0.000530948518380233
1.6249164127541005,-1.8654681307819587,-0.1668584768915045,0.0024502780169409866,0.012113660861499747,0.0005621569052604456
1.6468458090336522,-1.7480144309936827,-0.16133450225297957,0.002132858808570324,0.012464029003324434,0.0005939863465909327
1.6649695678152336,-1.6315449731007703,-0.15571158470237725,0.0017940949267581615,0.012809516616761664,0.0006264056087067353
1.679338668189592,-1.5161878598505083,-0.14999875232220417,0.0014333085284489373,0.013148888507278094,0.0006593745322289064
1.6900066151478486,-1.4020702293268879,-0.1442050818892972,0.001049883149795482,0.013480770898361277,0.0006928429413587114
1.6970299397644812,-1.2893185901599493,-0.1383397372064544,0.0006432852743070965,0.013803647002426533,0.0007267495375556476
1.7004857393817838,-1.1769225494975568,-0.13235072538729162,0.00020853882407346257,0.014119005707207555,0.0007613750266224832
1.7003485685850366,-1.0661374808912556,-0.1263054663099902,-0.0002507733128648684,0.014421725747773643,0.0007962965388140005
1.6966858824091697,-0.9570936104052291,-0.12021376448175147,-0.0007348142585112473,0.014709786999438028,0.0008314104823697106
1.6894801480837471,-0.8488287739953707,-0.11402246178790564,-0.001248904928587512,0.01498372642699096,0.0008669594939371607
1.6787015390074214,-0.7414859793057779,-0.10773815867932572,-0.0017937897374142673,0.015240750811712668,0.0009028211435097096
1.6644891876044536,-0.6362884907265237,-0.10143312389234643,-0.0023639711991875144,0.015475480262166205,0.0009384816884586124
1.6467399230521442,-0.5323293680978693,-0.09505377601133809,-0.0029648247630273215,0.015687276924335622,0.0009741219036152445
1.625681574110139,-0.4308068335979716,-0.08867457514568851,-0.0035895721856262935,0.01587089042561938,0.0010091837505532796
1.6011640024243665,-0.3308587456258566,-0.0822424988556722,-0.004243299342138707,0.016024925966920858,0.0010437951255424884
1.5732074560710994,-0.23266364291449743,-0.07576809260520258,-0.004924793576437502,0.01614562797668074,0.0010777026569731565
1.5418468873047206,-0.1364073612926924,-0.06926288930020458,-0.005632251373300176,0.016229161699138607,0.001110624963527121
1.5075024843263318,-0.04322396534104868,-0.06280556470766674,-0.006355699548440746,0.01627149586358313,0.0011419423561344145
1.469952917990028,0.04765761100720048,-0.0563452069584036,-0.007098908840517265,0.016270102648788025,0.0011716682257485224
1.4297173465611797,0.13516484628620354,-0.04996110520790912,-0.007850333827664258,0.016222446199586092,0.0011992013651807069
1.3865535483298475,0.2200248399803482,-0.04360390678111367,-0.008612860101990173,0.016125997269389167,0.001224519594333968
1.3410754126471445,0.30124455040587733,-0.03735236637620879,-0.00937370804800866,0.015980326856292117,0.0012470870773105822
1.2935247791727318,0.3787356529471716,-0.031220996745213114,-0.010127302124362685,0.015785574304713907,0.0012666878381655132
1.2436383119206365,0.45317032521573286,-0.02516259277516448,-0.0108755470328471,0.0155399898249883,0.0012833028585256803
1.192144580657483,0.5237146273515343,-0.019251833832893982,-0.011605234711910484,0.015247119368888163,0.0012965958280532078
1.1387663080481847,0.5910134681368584,-0.01344244241031653,-0.012318091777354257,0.014905994001033214,0.001306583157795804
1.0837212699329826,0.6549822531346996,-0.007747762967248306,-0.013008551067404912,0.014518707205165331,0.0013131557432051082
1.0272379776283542,0.7155589827381552,-0.002180338623039191,-0.013671354139474306,0.014088207360549216,0.0013162634660383431
0.9689563253725547,0.7732730029148149,0.0033031292226557594,-0.014307993217353966,0.013613221433981125,0.00131589675975174
0.9096778629929196,0.8274878419648848,0.00863580031831673,-0.014907418525562372,0.0131023242378637,0.0013120800211978026
0.8484063276709838,0.8792215502759744,0.013913125511228136,-0.015477157830798498,0.0125491180920563,0.0013047663175557388
0.7859392524043204,0.9278603794651457,0.01906966444539358,-0.016007056009425685,0.01196312412953098,0.001294067511491776
0.7218426901498319,0.9738198374256055,0.02414547046844179,-0.016498617019155535,0.0113430827328232,0.0012799752383752807
0.6562968376253044,1.0170067180556739,0.029128236510429426,-0.016948144007676937,0.010693675759311272,0.0012625965033303589
0.5894917243175217,1.0573490712197628,0.034006420047459344,-0.017352690488675607,0.010020074044847315,0.0012420950583139814
0.5209314213136902,1.0951618103668526,0.03881707563952406,-0.017713515485874493,0.009320682170041355,0.0012184344099449745
0.4507805024075093,1.1303336778271125,0.043547538545830655,-0.01802792200900925,0.00860071473654724,0.0011917907006959415
0.3784864904429448,1.1630863285671251,0.048232046597191734,-0.01829646392965215,0.007858232501217253,0.0011620804168916705
0.3049407236704584,1.1929784877724277,0.05281080083677564,-0.018514676522158616,0.007106269944065929,0.0011298351394785793
0.22881568278969444,1.2204777220410359,0.057362523942413514,-0.018685290041975118,0.0063353248115899765,0.001094646306514625
0.151022328505195,1.2451498017110239,0.061827014206029145,-0.01880504047401515,0.005558843448826638,0.001057116100014008
0.0709408729644912,1.2671022779200924,0.06623498784853893,-0.018874456653500585,0.004774890198429504,0.0010171601978631194
-0.011273282591323186,1.2861691340063328,0.07057116259778369,-0.01889298582088405,0.0039893715220738184,0.0009750784423713302
-0.09545004145893954,1.3022036991056196,0.07482072160114953,-0.018860965281580308,0.003208137511156598,0.0009312032932296991
-0.18227400514031245,1.315192504818351,0.07901038231175202,-0.01877852690471286,0.002429177631986028,0.0008854304283537409
-0.27158804514254525,1.3249306508942105,0.08312267334878906,-0.018646254430782366,0.0016583650376622704,0.0008381034464670679
-0.36321773636841814,1.3312320266762676,0.08714045412520055,-0.018465586218074335,0.0009013267536791664,0.0007895867971316942
-0.4569745867672624,1.3339311771579678,0.0910471460862265,-0.01823873595682501,0.00016328396491616567,0.0007402538942761672
-0.5526594454859971,1.332884433013767,0.0948269309790721,-0.017968581681125976,-0.0005510791492246099,0.0006904755148822379
-0.6510410372787843,1.3279017740368448,0.09850027428414679,-0.01765526692824185,-0.0012443787449864284,0.0006401147875325182
-0.7509284586478798,1.318875816732206,0.10201356784967103,-0.017305297449927873,-0.0019057256125593633,0.000590026241083684
-0.852103860789082,1.3057299752598766,0.10535390090118463,-0.016922864848085258,-0.002532449511982949,0.0005405235294962166
-0.9543514666251252,1.2884080846650932,0.10850955903988138,-0.016512261218305027,-0.0031226137971193703,0.0004918843424857421
-1.057459755926314,1.2668725924552169,0.11147001327213854,-0.016077753468381684,-0.0036749736039942377,0.00044434764532206493
-1.1602002504372841,1.2413765935941803,0.11419980123635384,-0.015628028961253697,-0.004184047150608298,0.0003985606458313312
-1.2634243373136451,1.2117120835878308,0.1167217226148371,-0.015162580597236111,-0.004655537816972577,0.00035419207415317674
-1.3659271335759924,1.178233836688363,0.11900680452053315,-0.014689699093247858,-0.005085704220100979,0.00031177835033881695
-1.4685821643683723,1.1406690601048288,0.12107520222754843,-0.014207878285122164,-0.005480193710910081,0.00027095119779217035
-1.5702136250466565,1.0994631333126568,0.12290404845394003,-0.013724796186114639,-0.0058365908601604646,0.00023215017977626392
-1.671708340884609,1.0542733257306427,0.12451021893872119,-0.013238074893726658,-0.006160196976678775,0.00019499092946093845
-1.7729156738781944,1.0051238419934743,0.1258889928573956,-0.012749910951307982,-0.006452287946077609,0.00015949196718707424
-1.8736906216062896,0.9520432168595815,0.1270361114345986,-0.012262223629476966,-0.006714254177189394,0.00012565445142836108
-1.9729111380079858,0.8956425567183576,0.12793989811225143,-0.011781428774985959,-0.006945397924712074,9.377368968838716e-05
-2.071471253815771,0.8354320733974322,0.12860950030287246,-0.011303940352688517,-0.007149955646313589,6.34749237758502e-05
-2.169241088443886,0.7714442074256226,0.1290414785330601,-0.010830923557675586,-0.0073293599126697416,3.472677604534208e-05
-2.2660935024776907,0.7037130586672646,0.12923259371050233,-0.010363349046209626,-0.007485030004574438,7.490792606812925e-06
-2.3619034123747786,0.6322740475280771,0.12917976117397928,-0.0099020127029588,-0.007618353981053631,-1.827678642436947e-05
-2.456547101451881,0.5571636894909072,0.12888001077292677,-0.009447554977202071,-0.007730675026028994,-4.262350721826081e-05
-2.549901536524587,0.4784194721960999,0.12833045276417882,-0.00900047932771331,-0.007823281432755461,-6.559941658555415e-05
-2.641843696727074,0.3960798248667656,0.1275282492315552,-0.008561169475527519,-0.007897399621003677,-8.725598947392301e-05
-2.7331394884108713,0.3093135743791945,0.1264587983915684,-0.008125664096951524,-0.007954670371652074,-0.00010784152210788758
-2.822710533429531,0.21899269780727346,0.12512639681543242,-0.007698700944490483,-0.007995379745682124,-0.00012718163156176713
-2.9104290085552837,0.12516276088682096,0.12352840308486492,-0.0072803832251310706,-0.008020593865443836,-0.0001453303020055577
-2.996164628685716,0.027870762892370587,0.12166215521666851,-0.006870747396831311,-0.008031303992731066,-0.00016234011293419904
-3.079784040553943,-0.07283452709176827,0.11952496468397684,-0.006469774021601801,-0.008028428137403119,-0.00017826189167021076
-3.1619463946195734,-0.17795220048319066,0.11708879438003265,-0.006073543918481128,-0.008012597071668869,-0.00019328718110880885
-3.2416390175733922,-0.2864076102854195,0.11437162468246231,-0.005686101794661229,-0.00798458576171541,-0.00020729604267028895
-3.318714947857233,-0.39814037055200263,0.1113708547136288,-0.0053072954057049905,-0.007945138673079064,-0.00022033516780518416
-3.3930218408606843,-0.5130865126286649,0.10808386306315082,-0.0049369475040022355,-0.007894933882578576,-0.00023244863119495528
-3.4644014197253306,-0.6311778553027146,0.10450802010386565,-0.0045748613163911515,-0.007834586638116115,-0.00024367786517830178
-3.532688934844778,-0.7523413198264505,0.10064070366183127,-0.0042208251792369604,-0.007764652821193727,-0.0002540616626587157
-3.5983413214834683,-0.8777457321043067,0.0964365144855945,-0.003871217238979784,-0.007684803596280726,-0.0002637273283429162
-3.6604599840706653,-1.006072425046246,0.09193131077656798,-0.00352946779142104,-0.007596177054149366,-0.00027259935758546053
-3.718856213801934,-1.1372247021926656,0.08712279721074524,-0.0031953232852051194,-0.007499188160779897,-0.00028071054053368686
-3.773332543953183,-1.2710975327314336,0.08200878165236979,-0.0028685283441085754,-0.00739420151674681,-0.0002880909946986683
-3.823682198485817,-1.4075764851239096,0.07658721118001387,-0.002548827692319776,-0.007281533976450244,-0.0002947682305484926
-3.869688534057471,-1.5465365684490646,0.07085621287923491,-0.0022359677277793166,-0.00716145693179616,-0.0003007672129203776
-3.911124473212026,-1.687840970517597,0.06481413990940485,-0.0019296978033032906,-0.007034198251922777,-0.0003061104153987508
-3.9477519267890133,-1.8313396800544863,0.05845962345858371,-0.0016297712676626803,-0.006899943870985867,-0.00031081786513174973
-3.979321203882347,-1.9768679782437986,0.051791631321218966,-0.0013359463124471063,-0.006758839014848761,-0.0003149071757494199
-4.0055704080042105,-2.124244782610581,0.04480953397294524,-0.0010479866653505903,-0.006610989054900495,-0.00031839356611205614
-4.026224818488861,-2.2732708235056283,0.037513179179646076,-0.0007656621664433639,-0.00645645997318503,-0.0003212898625602001
-4.040996256625339,-2.4237266302674256,0.029902976370144975,-0.0004887492610220415,-0.006295278417514308,-0.00032360648215656667
-4.049582436566757,-2.575370300347886,0.021979992230792226,-0.00021703144077813954,-0.006127431318112359,-0.0003253513940959794
-4.051666301765611,-2.727935020162914,0.013746059255079646,4.97003356463259e-05,-0.0059528650283442765,-0.00032653005599601366
-4.046915348580541,-2.881126300987191,0.005203899314008991,0.0003116472110169407,-0.005771483940843779,-0.00032714532114297304
-4.034980939858409,-3.034618886629009,-0.0036427352816870485,0.0005690019529476881,-0.00558314851632947,-0.00032719731191781324
-4.015727175935749,-3.186546016260524,-0.012697522248328666,0.0008194819320527115,-0.005389630342568569,-0.00032669108062319713
-3.988690340923961,-3.3380800310540857,-0.022042969518075075,0.0010658894236251124,-0.005188815363371783,-0.0003256237415240429
-3.9534734126798363,-3.4887915184390392,-0.03167158658470409,0.0013083770708690607,-0.0049804172276138444,-0.0003239858041999616
-3.909660790036779,-3.6382045468193507,-0.041574091824011714,0.0015470869183373307,-0.004764091889557988,-0.0003217642078534833
-3.856817669544347,-3.785791098831939,-0.05173913399929589,0.0017821489828175189,-0.004539431123186593,-0.0003189419104198105
-3.794489480620836,-3.9309646944961525,-0.06215296725918922,0.002013679407290764,-0.004305954555694636,-0.000315497380226274
-3.7222014096984233,-4.0730730505983,-0.0727990700246457,0.0022417780600231473,-0.004063099885135022,-0.00031140396640620503
-3.639458055216959,-4.211389586208448,-0.08365769572271374,0.0024665253937032287,-0.0038102108485793358,-0.0003066291170045604
-3.544755931660435,-4.346405214200443,-0.09481589585865961,0.0026901608342256265,-0.003543847048313573,-0.00030107506745505916
-3.4383476863030724,-4.475749990251125,-0.10613433541106262,0.0029103920388045303,-0.0032656426306111905,-0.00029473898755591206
-3.3184286115102792,-4.5995643842139495,-0.11769303915634939,0.0031293511909217127,-0.0029715720281474167,-0.00028748691028301383
-3.182651446982331,-4.717510604377308,-0.129567713828773,0.00334897023965331,-0.0026568411416391735,-0.0002791349407715512
-3.028007945531247,-4.8286223275663405,-0.14182630480954186,0.0035710023697196123,-0.0023155752149445637,-0.0002694331008756846
-2.854301197395346,-4.929200723026956,-0.1542750558189765,0.003792632285065253,-0.001947922008845654,-0.00025827655610494805
-2.6716011352561724,-5.011776660295774,-0.1661029737242991,0.004000605136290403,-0.0015737612998180661,-0.00024621760424184375
-2.4920670978476815,-5.072957082792194,-0.17663750124844055,0.00418453392958089,-0.0012145101915058188,-0.00023400735243021552
-2.316969854358722,-5.115744509845417,-0.18599137279221323,0.004347502874657997,-0.0008691904032453565,-0.0002217161401641128
-2.1454941971682686,-5.142978826162427,-0.19435210150780954,0.004493467943964421,-0.0005335793656716371,-0.0002092723921081025
-1.976648555258886,-5.156659650192835,-0.20186846304227388,0.0046254435810830176,-0.0002037608783595818,-0.00019658348128098334
-1.811020972791682,-5.158156763049343,-0.20859155497013923,0.004744563227685815,0.00012070482851556562,-0.00018367088208482975
-1.649083944248556,-5.148720880645542,-0.21457061709990274,0.004851792042847973,0.00044019655727996806,-0.00017055264480027372
-1.4896024777613868,-5.12924891203256,-0.219904068675257,0.004948897192029176,0.0007582718411220686,-0.00015710568180027053
-1.3329180139119017,-5.1005084911898235,-0.2246200680466967,0.005036329098891616,0.0010752629897389505,-0.0001433299377525995
-1.1793210068082447,-5.063214182137098,-0.22874592480508596,0.005114458588360814,0.0013914763872439353,-0.0001292235789145637
-1.0290575818202552,-5.018031749850519,-0.2323080656552138,0.0051835869219220305,0.001707194873043602,-0.00011478326573646833
-0.8823352335544701,-4.965582016372022,-0.2353320161602703,0.005243953970580114,0.0020226797464101766,-0.00010000437130288056
-0.7393277252515602,-4.906444352097724,-0.23784239461910775,0.005295744895067213,0.0023381724328667393,-8.488115835349431e-05
-0.5987681480889449,-4.840457993531754,-0.2398812381230969,0.005339498132223798,0.0026571461694496123,-6.924586431977778e-05
-0.46221823605519335,-4.768690517401407,-0.24144412490231282,0.005374742134769427,0.002976688974533487,-5.3238335550845804e-05
-0.3297793610684458,-4.691622204938718,-0.24255317393944162,0.005401518630406797,0.003297000815497211,-3.6849343496418665e-05
-0.20153259576031946,-4.609702455981948,-0.24322963460906968,0.005419829288855561,0.0036182656045731284,-2.0068928619214946e-05
-0.0775412224348568,-4.523352047861702,-0.24349390922087147,0.005429638153887687,0.003940651547270476,-2.88647892145038e-06
0.04335601327040617,-4.432015574391478,-0.24336228319278713,0.005430841408111617,0.004267648420144559,1.4892423508287822e-05
0.1598696720974772,-4.336903259126801,-0.24284903024744184,0.005423180004217225,0.004596211899001757,3.3112196294013376e-05
0.2719736331507762,-4.2383671891877155,-0.24197229798413275,0.00540649975346399,0.004926473001503275,5.178616501935773e-05
0.379652409485423,-4.136737884964029,-0.2407494846403828,0.005380612187897044,0.005258545955154508,7.092811446198507e-05
0.4828997765767624,-4.032325854179779,-0.23919726881935233,0.005345295126083565,0.005592527311192731,9.055221759932572e-05
0.5817175591178625,-3.925423038082266,-0.23733163968488707,0.0053002930390730315,0.005928494792614142,0.00011067295813096155
0.6761145575062049,-3.8163041605814443,-0.23516792746700477,0.00524531726076415,0.00626650586245906,0.00013130504398921021
0.7661055982180202,-3.7052279899951466,-0.23272083417059472,0.005180046085811514,0.006606595995711705,0.0001524633092009529
0.8517106946790086,-3.5924385220273765,-0.23000446442069256,0.0051041247988158345,0.006948776635690778,0.0001741626013040422
0.9329543073037204,-3.4781660916956607,-0.22703235641076133,0.005017165680741754,0.007293032813690461,0.00019641765131800832
1.010633589939261,-3.3614338359022335,-0.2237832186478997,0.0049176743444189494,0.007642893592282538,0.00021948077916571787
1.083949595497656,-3.243577557943296,-0.22029783934963473,0.004805974651399091,0.00799488319069199,0.00024314950644113538
1.152933652914682,-3.1247959969048,-0.21658830958829492,0.0046815481216707245,0.008348892470635489,0.0002674386736076219
1.2176193632944239,-3.0052780298152566,-0.21266627388978704,0.004543840698848758,0.00870477065338128,0.00029236227755375337
1.2774483553356235,-2.8864283789668135,-0.2085859245920522,0.0043938786359990845,0.009058672224797159,0.0003176695177432837
1.3331166201176685,-2.7672450621498412,-0.20432054425452598,0.004229788179512861,0.009413836179552791,0.00034361211238508727
1.3851744530741428,-2.6466610359191862,-0.19983402621569868,0.004049034830111426,0.009773627556935756,0.0003704751464935312
1.4326216177666047,-2.527242914161267,-0.19522618831610306,0.0038545750707766886,0.010130486800491622,0.0003977279381345847
1.4764589681635059,-2.4067298564837603,-0.1904139075769468,0.0036417882136426465,0.010491183184076462,0.00042592481744249124
1.5162374305612265,-2.286453083020895,-0.1854517518659283,0.0034117938002025416,0.010851661579331134,0.0004547998154166181
1.5519998276205376,-2.166554805547206,-0.1803491913954243,0.003163843034908436,0.01121131734840037,0.00048434999435566684
1.5837900011970778,-2.047173409202698,-0.17511552862662288,0.0028971757242416663,0.011569451003611236,0.000514567702599857
1.6116529311010592,-1.9284440663625322,-0.1697599364984765,0.0026110284798780315,0.011925259572464743,0.0005454397748318854
1.6356349195253446,-1.8104993147071642,-0.16429149733816734,0.002304644815371339,0.012277827909232129,0.0005769466535390139
1.655783843147636,-1.69346959497237,-0.1587192422870609,0.001977287391134782,0.01262612021016355,0.0006090614354314249
1.6721494746987495,-1.577483742344109,-0.15305219098498785,0.0016282526552783636,0.012968972067947919,0.0006417488511883359
1.6847838752467263,-1.462669423830354,-0.14729939114492988,0.0012568881034624683,0.013305083491154463,0.000674964192793311
1.693741857500165,-1.349153512228727,-0.14146995751883717,0.0008626123334677378,0.013633013414091776,0.0007086522100589989
1.699117864068797,-1.2359169538366312,-0.13551212057474196,0.00044051764497057204,0.013954393157810652,0.0007430986320785042
1.7008646395803235,-1.1242224589286338,-0.12949282561902825,-6.012216032199052e-06,0.01426413391525811,0.000777890344002212
1.6990467856519607,-1.0142003386147156,-0.12342176737668957,-0.00047723547205223135,0.014560290221856486,0.0008129316377941653
1.69366181027686,-0.9048774491768408,-0.1172457922623956,-0.0009784559399561288,0.014843568228676069,0.0008484736881222902
1.6847847451438567,-0.7974887632657245,-0.1110352369565153,-0.001505004428776421,0.015108651782287773,0.000884039440869669
1.6723539369670086,-0.6910971924422421,-0.10473654123015985,-0.0020622952533394185,0.015355510465564005,0.0009198443454625036
1.656529466257881,-0.5869177962306198,-0.09842236650222927,-0.0026445509492224488,0.015578796793067307,0.0009553651991603633
1.6371969820978372,-0.484054960688102,-0.09203930052878481,-0.003257087166138894,0.015777705067734578,0.0009907712284738582
1.6143569051552369,-0.382677530705956,-0.08559656523087394,-0.003899459508581067,0.015948664991293108,0.0010258499688396451
1.5880212261199678,-0.28296320588673196,-0.07910432921331159,-0.004570735096944008,0.016087915801514814,0.001060358984375934
1.5585349962084003,-0.1860794614262052,-0.07264007681112929,-0.005262204733077942,0.01619071127966341,0.00109369029298412
1.5256988239016211,-0.0912198494669669,-0.06615184689082554,-0.005978257688768857,0.016254805534215523,0.001125897458262107
1.4895739697842667,0.0014244805304978224,-0.059652516979175535,-0.006716126191943253,0.016276489399170563,0.0011566672801961002
1.450655754844093,0.0907581003259136,-0.05322166921172516,-0.007464593789459136,0.016252739141133,0.0011853851448092054
1.409145595286829,0.17665417398299704,-0.046874294959843466,-0.0082189818418048,0.016181922256127704,0.0012117744435889196
1.3647975110940764,0.2598296362978252,-0.04056144500116891,-0.008981979060564567,0.016061589640696934,0.0012358094709866599
1.318245824948947,0.33931588175423644,-0.0343613611804397,-0.00974062945017999,0.015891915795089525,0.001256980220082123
1.2697385952782814,0.41503461392687674,-0.028288258900061296,-0.010489296460491708,0.0156734471842551,0.001275090463865964
1.2190093808230122,0.48765047652973414,-0.022295219260797257,-0.01122981390293382,0.015404621253765296,0.0012901285489984816
1.1662563638571202,0.5570457027318303,-0.016396609529422283,-0.011956388357300866,0.015086174624936569,0.0013019023250722811
1.11225443943385,0.6224693824764116,-0.010664440060092997,-0.01265621256053224,0.014723696772391623,0.0013102029616796705
1.0567138553565933,0.6845503412898548,-0.005052809941144397,-0.013331166798871226,0.014316786950597018,0.0013150840083364754
0.9992769858808961,0.7438227510079571,0.00048174307770996425,-0.013982706266595292,0.013863970721518659,0.0013165234335095356
0.9407315201608644,0.7996232293865245,0.005871467437966077,-0.01459938619471584,0.013373202992446548,0.001314495999407421
0.88070893623654,0.8524675907455022,0.01115926150397003,-0.015183033319524784,0.012843696273519422,0.0013090320238038733
0.8187814292474049,0.902782766800261,0.016385555130703493,-0.015734799846183496,0.01227372216476945,0.001300083480209034
0.7557579588448525,0.9499795397909856,0.021485787122407476,-0.016245015505653018,0.011673273776619943,0.0012878074045665582
0.6912022342168643,0.9944698880261456,0.026499912383897237,-0.016715349217856883,0.011041183135148855,0.0012722070432425667
0.6246234476651797,1.0365796520354762,0.03146537584089358,-0.01714658466109457,0.010375532937598853,0.0012532092936851293
0.5568611507049629,1.0757839642732538,0.03631989783200613,-0.017531162186181764,0.009687978331224215,0.0012311464358277751
0.48741645714081583,1.112395283978533,0.04110051770266964,-0.017870496063025945,0.0089770181322697,0.0012059933389999109
0.41646036790478413,1.1463113787346206,0.045794805028333954,-0.018162265019154102,0.00824806182383571,0.001177951836027338
0.3434385580168652,1.1777504183651657,0.05043688173305435,-0.018407189798537397,0.007499234930351559,0.0011469486356092409
0.2685013070595607,1.2065670573060536,0.055012797860063675,-0.01860315722350894,0.006736076144647721,0.0011132009591608915
0.19181315062626778,1.2326346609323278,0.059509051882526406,-0.018748913621887107,0.005964351914341628,0.0010769729099546147
0.11275746942267913,1.2560651338585802,0.06395647030787831,-0.01884478686196117,0.0051821151031023055,0.001038171481528478
0.031481892797120076,1.2766826934939879,0.06833955009078228,-0.01888976084734747,0.004395261770857904,0.0009970773698454306
6.911866570940713e-06,1.2837555133265686,0.06998725467419724,-0.01889345234035452,0.004095888104872763,0.0009809041994719451
