0.0000039408,1.2837561600,0.0699874088,-6.8961100900,1.4949889400,0.3580294800
-0.0021828007,1.2842290209,0.0701008739,-6.8961036863,1.4874402343,0.3576176844
-0.0046100788,1.2847510945,0.0702266672,-6.8960815498,1.4790678382,0.3571603521
-0.0073043449,1.2853271468,0.0703661093,-6.8960385080,1.4697827426,0.3566524231
-0.0102949558,1.2859623188,0.0705206575,-6.8959680382,1.4594865361,0.3560882708
-0.0136144916,1.2866621338,0.0706919194,-6.8958619438,1.4480704669,0.3554616375
-0.0172991078,1.2874324970,0.0708816667,-6.8957099568,1.4354144264,0.3547655635
-0.0213889245,1.2882796866,0.0710918505,-6.8954992510,1.4213858522,0.3539923074
-0.0259284583,1.2892103312,0.0713246172,-6.8952138455,1.4058385496,0.3531332581
-0.0309670985,1.2902313712,0.0715823256,-6.8948338764,1.3886114327,0.3521788372
-0.0365596335,1.2913499981,0.0718675648,-6.8943347080,1.3695271909,0.3511183902
-0.0427668320,1.2925735664,0.0721831725,-6.8936858512,1.3483908872,0.3499400669
-0.0496560820,1.2939094698,0.0725322539,-6.8928496510,1.3249885048,0.3486306898
-0.0573020947,1.2953649727,0.0729182009,-6.8917796961,1.2990854612,0.3471756088
-0.0657876756,1.2969469847,0.0733447106,-6.8904188997,1.2704251221,0.3455585437
-0.0752045683,1.2986617656,0.0738158031,-6.8886971903,1.2387273586,0.3437614127
-0.0856543742,1.3005145416,0.0743358374,-6.8865287449,1.2036872067,0.3417641484
-0.0972495506,1.3025090142,0.0749095247,-6.8838086889,1.1649737113,0.3395445026
-0.1101144876,1.3046467354,0.0755419376,-6.8804091818,1.1222290595,0.3370778418
-0.1243866622,1.3069263206,0.0762385131,-6.8761748050,1.0750681446,0.3343369387
-0.1402178642,1.3093424640,0.0770050486,-6.8709171684,1.0230787398,0.3312917654
-0.1577754834,1.3118847166,0.0778476867,-6.8644086621,0.9658225083,0.3279092979
-0.1772438409,1.3145359791,0.0787728861,-6.8563753025,0.9028371372,0.3241533454
-0.1988255377,1.3172706573,0.0797873756,-6.8464886540,0.8336399425,0.3199844233
-0.2227427846,1.3200524217,0.0808980850,-6.8343568720,0.7577333660,0.3153596931
-0.2489739887,1.3228053092,0.0821000070,-6.8196703974,0.6754380656,0.3102842235
-0.2765994332,1.3253707752,0.0833476187,-6.8026893692,0.5898637666,0.3049379813
-0.3051048307,1.3276626490,0.0846155998,-6.7835930949,0.5027566375,0.2994233535
-0.3327904662,1.3295465538,0.0858284678,-6.7635675919,0.4193277696,0.2940719956
-0.3622172620,1.3311829814,0.0870976624,-6.7407422097,0.3319323080,0.2883921157
-0.3907817510,1.3324141123,0.0883101836,-6.7171221856,0.2483705918,0.2828893791
-0.4205226747,1.3333252902,0.0895524354,-6.6910549238,0.1627095338,0.2771740595
-0.4488046871,1.3338440353,0.0907147919,-6.6649237003,0.0825281568,0.2717549153
-0.4779459314,1.3340268960,0.0918932910,-6.6366823059,0.0012197959,0.2661897151
-0.5079622617,1.3338450825,0.0930869987,-6.6062510912,-0.0811362788,0.2604795866
-0.5373577574,1.3333057700,0.0942363216,-6.5751831383,-0.1604146985,0.2549117126
-0.5667250968,1.3324126308,0.0953652257,-6.5429455223,-0.2382573912,0.2493752091
-0.5946243807,1.3312383226,0.0964199337,-6.5112545577,-0.3109494166,0.2441414288
-0.6239258496,1.3296654124,0.0975091368,-6.4769002540,-0.3859744749,0.2386736599
-0.6534773627,1.3277288751,0.0985885422,-6.4411890000,-0.4602716050,0.2331911639
-0.6812551804,1.3255897702,0.0995857810,-6.4066890525,-0.5288594362,0.2280684984
-0.7116063818,1.3229012598,0.1006562571,-6.3680060593,-0.6024207656,0.2225069533
-0.7421931001,1.3198227749,0.1017149165,-6.3280277693,-0.6750999559,0.2169415607
-0.7720973571,1.3164565531,0.1027305233,-6.2880215289,-0.7447539440,0.2115399747
-0.8028349074,1.3126309863,0.1037545017,-6.2459985206,-0.8149103818,0.2060301262
-0.8337909694,1.3084053301,0.1047654302,-6.2027984361,-0.8841006810,0.2005257500
-0.8637358515,1.3039630555,0.1057240019,-6.1602131238,-0.9496414566,0.1952449895
-0.8944983093,1.2990376503,0.1066890183,-6.1156915991,-1.0155592755,0.1898660336
-0.9251541458,1.2937657070,0.1076308668,-6.0705853021,-1.0798358509,0.1845531060
-0.9563170588,1.2880356407,0.1085680726,-6.0240175476,-1.1437424318,0.1792017469
-0.9879859208,1.2818304445,0.1094996633,-5.9759959652,-1.2072197688,0.1738154925
-1.0173872581,1.2757255392,0.1103457966,-5.9308184406,-1.2648410292,0.1688625419
-1.0484904374,1.2689074099,0.1112212884,-5.8824386314,-1.3244371928,0.1636735161
-1.0788433830,1.2618976018,0.1120562467,-5.8346772317,-1.3812611885,0.1586604202
-1.1093684015,1.2544937094,0.1128766204,-5.7861312091,-1.4370920370,0.1536700061
-1.1397546451,1.2467708668,0.1136740409,-5.7373251015,-1.4913735312,0.1487536303
-1.1715509649,1.2383131843,0.1144879419,-5.6857729068,-1.5468060721,0.1436643871
-1.2022462105,1.2297832335,0.1152537512,-5.6355692579,-1.5990078392,0.1388053536
-1.2324823282,1.2210301196,0.1159889837,-5.5857249845,-1.6491849068,0.1340711129
-1.2634819073,1.2116944178,0.1167230687,-5.5342459797,-1.6993632649,0.1292712510
-1.2946228788,1.2019472468,0.1174403909,-5.4821755071,-1.7484967859,0.1245046341
-1.3252803497,1.1919898306,0.1181268633,-5.4305895520,-1.7956368099,0.1198661270
-1.3563812482,1.1815212622,0.1188032497,-5.3779535911,-1.8422277569,0.1152154502
-1.3876090587,1.1706372489,0.1194620759,-5.3248187220,-1.8877785089,0.1106014770
-1.4195916056,1.1591021750,0.1201156718,-5.2701285130,-1.9331702629,0.1059338047
-1.4516858572,1.1471310663,0.1207499753,-5.2149949781,-1.9774574061,0.1013085765
-1.4835657154,1.1348462570,0.1213585796,-5.1600018832,-2.0202144370,0.0967723982
-1.5152299968,1.1222548132,0.1219418224,-5.1051767961,-2.0614827282,0.0923241196
-1.5457485214,1.1097500542,0.1224838476,-5.0521617235,-2.1001430103,0.0880906033
-1.5776195489,1.0963029666,0.1230287329,-4.9966334443,-2.1393660050,0.0837256326
-1.6083262123,1.0829703885,0.1235331714,-4.9429923186,-2.1760606531,0.0795741744
-1.6410292034,1.0683624279,0.1240481293,-4.8857286370,-2.2139769257,0.0752108557
-1.6725188361,1.0538960549,0.1245221519,-4.8304738763,-2.2493691890,0.0710656958
-1.7040854969,1.0389977533,0.1249757155,-4.7749851375,-2.2837650322,0.0669654763
-1.7363622309,1.0233512855,0.1254169638,-4.7181605991,-2.3178308728,0.0628296838
-1.7680588506,1.0075769328,0.1258279782,-4.6622848042,-2.3502153649,0.0588235983
-1.8004566963,0.9910317164,0.1262250851,-4.6051117889,-2.3822388331,0.0547851779
-1.8325799633,0.9742024944,0.1265956984,-4.5483747311,-2.4129324665,0.0508367386
-1.8641126271,0.9572686109,0.1269369232,-4.4926449331,-2.4420529420,0.0470144544
-1.8960092688,0.9397184515,0.1272591452,-4.4362461433,-2.4705086732,0.0432015848
-1.9285878572,0.9213523583,0.1275642295,-4.3786250011,-2.4985500198,0.0393622916
-1.9608666980,0.9027119288,0.1278423381,-4.3215269503,-2.5253301389,0.0356127331
-1.9934918843,0.8834186948,0.1280987452,-4.2638179592,-2.5513990016,0.0318774528
-2.0264565583,0.8634575776,0.1283323539,-4.2055185320,-2.5767356493,0.0281584154
-2.0584502152,0.8436305906,0.1285343384,-4.1489533313,-2.6003765894,0.0246013647
-2.0907736466,0.8231401158,0.1287133746,-4.0918285876,-2.6233262749,0.0210595627
-2.1230954459,0.8021838307,0.1288669503,-4.0347362216,-2.6453495308,0.0175695659
-2.1554095541,0.7807601383,0.1289947357,-3.9776921532,-2.6664566893,0.0141314494
-2.1877098753,0.7588675070,0.1290964027,-3.9207116871,-2.6866583464,0.0107452493
-2.2203139383,0.7362777712,0.1291722448,-3.8632392114,-2.7061544946,0.0073777829
-2.2525634832,0.7134413794,0.1292204240,-3.8064382892,-2.7245665491,0.0040963474
-2.2847807254,0.6901319085,0.1292415166,-3.7497432460,-2.7421065694,0.0008666990
-2.3179367071,0.6656178028,0.1292345776,-3.6914495185,-2.7592794757,-0.0024070406
-2.3497368434,0.6415975229,0.1292001930,-3.6355918172,-2.7749247810,-0.0054998169
-2.3814912315,0.6171067669,0.1291383247,-3.5798663180,-2.7897520185,-0.0085426928
-2.4135112853,0.5918915444,0.1290476129,-3.5237272991,-2.8039087067,-0.0115655935
-2.4461108494,0.5656745868,0.1289255264,-3.4666262546,-2.8175122673,-0.0145969150
-2.4776697666,0.5397608006,0.1287782394,-3.4113989664,-2.8299131534,-0.0174875339
-2.5101133123,0.5125628916,0.1285964175,-3.3546743036,-2.8418829155,-0.0204146918
-2.5418222605,0.4854237677,0.1283883438,-3.2992815676,-2.8528273290,-0.0232325413
-2.5725094497,0.4586243051,0.1281578165,-3.2457159701,-2.8627165856,-0.0259195998
-2.6046815868,0.4299514103,0.1278846983,-3.1895996488,-2.8723498757,-0.0286949846
-2.6364187809,0.4010753767,0.1275830648,-3.1342794947,-2.8811232213,-0.0313915617
-2.6686747988,0.3711124052,0.1272429781,-3.0780884639,-2.8893040433,-0.0340907569
-2.7011136740,0.3403396233,0.1268660746,-3.0216074051,-2.8967892202,-0.0367636569
-2.7321384668,0.3102932435,0.1264720700,-2.9676094182,-2.9032571534,-0.0392815306
-2.7642869638,0.2785081308,0.1260283326,-2.9116705153,-2.9092514243,-0.0418514099
-2.7959502382,0.2465387642,0.1255550933,-2.8565832984,-2.9144550114,-0.0443440311
-2.8268244715,0.2147144053,0.1250581199,-2.8028680883,-2.9188630663,-0.0467382658
-2.8578455043,0.1820727255,0.1245224744,-2.7488882605,-2.9226324899,-0.0491082946
-2.8893108901,0.1482618787,0.1239409065,-2.6941162750,-2.9257824031,-0.0514763136
-2.9196571842,0.1149643322,0.1233424484,-2.6412643668,-2.9281788806,-0.0537262642
-2.9501220151,0.0808351503,0.1227034045,-2.5881678428,-2.9299516151,-0.0559520184
-2.9800883303,0.0465571777,0.1220362590,-2.5358917665,-2.9310761184,-0.0581095335
-3.0101535303,0.0114382968,0.1213272341,-2.4833829410,-2.9315860270,-0.0602428752
-3.0406032613,-0.0248978767,0.1205672644,-2.4301276889,-2.9314691701,-0.0623719779
-3.0702174854,-0.0610044430,0.1197863095,-2.3782475014,-2.9307413584,-0.0644126341
-3.0998938497,-0.0979734151,0.1189608299,-2.3261582237,-2.9294007488,-0.0664282663
-3.1296153407,-0.1358174200,0.1180894550,-2.2738729611,-2.9274400401,-0.0684179508
-3.1593641927,-0.1745489025,0.1171707938,-2.2214048023,-2.9248522506,-0.0703807821
-3.1885366271,-0.2133918805,0.1162229405,-2.1698036460,-2.9217002247,-0.0722780867
-3.2174246334,-0.2527324472,0.1152365546,-2.1185398512,-2.9179715239,-0.0741304245
-3.2460191347,-0.2925691139,0.1142113531,-2.0676135968,-2.9136764711,-0.0759383510
-3.2745931338,-0.3333073213,0.1131361795,-2.0165191189,-2.9087736693,-0.0777198899
-3.3025658269,-0.3741305321,0.1120322600,-1.9662779061,-2.9033711367,-0.0794399697
-3.3307711111,-0.4162825958,0.1108652211,-1.9153706103,-2.8973066078,-0.0811506680
-3.3589014158,-0.4593618338,0.1096446280,-1.8643217847,-2.8906260624,-0.0828334577
-3.3861130512,-0.5020732550,0.1084072499,-1.8146473640,-2.8835468458,-0.0844394007
-3.4129632064,-0.5452727127,0.1071287702,-1.7653195452,-2.8759496318,-0.0860032052
-3.4397053535,-0.5893983160,0.1057954681,-1.7158473243,-2.8677593599,-0.0875404679
-3.4657943125,-0.6335648245,0.1044337439,-1.6672184122,-2.8591485087,-0.0890209858
-3.4917464682,-0.6786615474,0.1030158207,-1.6184485379,-2.8499516157,-0.0904752064
-3.5172836438,-0.7242385180,0.1015550753,-1.5700319725,-2.8402620715,-0.0918884015
-3.5426445274,-0.7707567493,0.1000359453,-1.5214860875,-2.8299834468,-0.0932746668
-3.5675559134,-0.8177513646,0.0984728196,-1.4733024848,-2.8192199537,-0.0946199710
-3.5920063268,-0.8652184705,0.0968654503,-1.4254783419,-2.8079794334,-0.0959248548
-3.6159840953,-0.9131539889,0.0952135916,-1.3780107389,-2.7962694072,-0.0971898454
-3.6397104957,-0.9620414529,0.0934997554,-1.3304258742,-2.7839726683,-0.0984275517
-3.6629269772,-1.0113909392,0.0917402836,-1.2832049990,-2.7712132051,-0.0996254358
-3.6856211306,-1.0611975273,0.0899349468,-1.2363446124,-2.7579979561,-0.1007840163
-3.7075629245,-1.1109547304,0.0881021337,-1.1903012543,-2.7444714266,-0.1018928645
-3.7293967737,-1.1621733091,0.0861853211,-1.1436800706,-2.7302228134,-0.1029855165
-3.7504470514,-1.2133193639,0.0842410421,-1.0978797691,-2.7156785159,-0.1040291319
-3.7711255332,-1.2654200993,0.0822298074,-1.0519711855,-2.7005505629,-0.1050452698
-3.7910051171,-1.3174273047,0.0801916369,-1.0068685715,-2.6851469554,-0.1060140611
-3.8102831590,-1.3698570336,0.0781063102,-0.9621040940,-2.6693225504,-0.1069463526
-3.8289455888,-1.4227026117,0.0759736269,-0.9176739354,-2.6530820479,-0.1078425536
-3.8469780765,-1.4759570704,0.0737933925,-0.8735742534,-2.6364298401,-0.1087030575
-3.8645371196,-1.5301533347,0.0715428283,-0.8293637652,-2.6191968449,-0.1095363414
-3.8814210180,-1.5847438828,0.0692436961,-0.7854885342,-2.6015543798,-0.1103338585
-3.8976144828,-1.6397204862,0.0668958315,-0.7419443321,-2.5835061587,-0.1110959808
-3.9131019375,-1.6950745639,0.0644990776,-0.6987269290,-2.5650555759,-0.1118230630
-3.9278675113,-1.7507971676,0.0620532858,-0.6558320967,-2.5462057079,-0.1125154423
-3.9418950332,-1.8068789668,0.0595583166,-0.6132556127,-2.5269593136,-0.1131734385
-3.9551680254,-1.8633102320,0.0570140394,-0.5709932628,-2.5073188357,-0.1137973537
-3.9676696971,-1.9200808191,0.0544203341,-0.5290408448,-2.4872864002,-0.1143874723
-3.9793829377,-1.9771801511,0.0517770912,-0.4873941706,-2.4668638161,-0.1149440608
-3.9902903103,-2.0345972010,0.0490842126,-0.4460490698,-2.4460525750,-0.1154673680
-4.0003740450,-2.0923204722,0.0463416126,-0.4050013917,-2.4248538495,-0.1159576240
-4.0096160323,-2.1503379796,0.0435492184,-0.3642470083,-2.4032684920,-0.1164150409
-4.0179978161,-2.2086372287,0.0407069711,-0.3237818164,-2.3812970318,-0.1168398121
-4.0255005866,-2.2672051949,0.0378148266,-0.2836017404,-2.3589396733,-0.1172321122
-4.0321051736,-2.3260283005,0.0348727562,-0.2437027340,-2.3361962920,-0.1175920966
-4.0377920394,-2.3850923925,0.0318807483,-0.2040807831,-2.3130664312,-0.1179199013
-4.0425412714,-2.4443827177,0.0288388087,-0.1647319076,-2.2895492974,-0.1182156428
-4.0463325751,-2.5038838975,0.0257469618,-0.1256521640,-2.2656437551,-0.1184794172
-4.0491452665,-2.5635799018,0.0226052524,-0.0868376471,-2.2413483215,-0.1187113004
-4.0509582651,-2.6234540214,0.0194137460,-0.0482844929,-2.2166611599,-0.1189113470
-4.0517473138,-2.6828918732,0.0162049648,-0.0103679584,-2.1918311097,-0.1190780760
-4.0515064238,-2.7430761717,0.0129141896,0.0276815912,-2.1663539603,-0.1192148603
-4.0502000763,-2.8033841951,0.0095739456,0.0654809261,-2.1404773451,-0.1193198333
-4.0478347365,-2.8631957897,0.0062183014,0.1026619735,-2.1144609220,-0.1193923916
-4.0443796665,-2.9230975925,0.0028140424,0.1396099340,-2.0880424030,-0.1194336821
-4.0398114984,-2.9830687179,-0.0006386299,0.1763281118,-2.0612176653,-0.1194436123
-4.0341064212,-3.0430873874,-0.0041394829,0.2128197603,-2.0339821796,-0.1194220660
-4.0273141542,-3.1025345242,-0.0076527722,0.2487289685,-2.0066076741,-0.1193695854
-4.0194433176,-3.1614007179,-0.0111776392,0.2840736836,-1.9790946964,-0.1192869201
-4.0102122495,-3.2214473828,-0.0148214066,0.3199256703,-1.9505965020,-0.1191708839
-3.9998543800,-3.2808495857,-0.0184752227,0.3552102152,-1.9219545718,-0.1190242579
-3.9882569859,-3.3401859000,-0.0221751502,0.3902921152,-1.8928773914,-0.1188457771
-3.9755277933,-3.3988411679,-0.0258833324,0.4248285686,-1.8636531440,-0.1186374068
-3.9615297210,-3.4573854009,-0.0296363418,0.4591761857,-1.8339836302,-0.1183971894
-3.9463941047,-3.5152103066,-0.0333957492,0.4929988971,-1.8041621558,-0.1181276393
-3.9299591619,-3.5728763994,-0.0371986000,0.5266455035,-1.7738836772,-0.1178261128
-3.9121971931,-3.6303528068,-0.0410443217,0.5601179429,-1.7431391151,-0.1174921925
-3.8930799949,-3.6876073007,-0.0449322883,0.5934180732,-1.7119188121,-0.1171254265
-3.8729976509,-3.7434823496,-0.0487837519,0.6258944998,-1.6808439544,-0.1167335603
-3.8515519642,-3.7990939091,-0.0526755190,0.6582174414,-1.6492831685,-0.1163090478
-3.8291789365,-3.8533168570,-0.0565287673,0.6897537468,-1.6178637934,-0.1158607015
-3.8049404239,-3.9083168817,-0.0604991840,0.7217850210,-1.5852981769,-0.1153697123
-3.7795120938,-3.9624035098,-0.0644675145,0.7533500966,-1.5525423618,-0.1148496599
-3.7529010257,-4.0155621900,-0.0684326818,0.7844616410,-1.5195911524,-0.1143007690
-3.7248279073,-4.0682996152,-0.0724335097,0.8154387064,-1.4861037508,-0.1137172535
-3.6952617860,-4.1205742286,-0.0764689738,0.8462816708,-1.4520657987,-0.1130983460
-3.6644875591,-4.1718310875,-0.0804973958,0.8766864403,-1.4178085940,-0.1124499142
-3.6325118434,-4.2220535606,-0.0845176036,0.9066641303,-1.3833252021,-0.1117720258
-3.5990005238,-4.2717149148,-0.0885687964,0.9365212190,-1.3482571087,-0.1110574247
-3.5646300535,-4.3198043908,-0.0925687447,0.9656706703,-1.3132979377,-0.1103203865
-3.5283439355,-4.3677481256,-0.0966375629,0.9950017846,-1.2773733520,-0.1095380004
-3.4908353724,-4.4145374200,-0.1006924621,1.0239269528,-1.2411830948,-0.1087248525
-3.4525029310,-4.4597031390,-0.1046918840,1.0521724108,-1.2050831468,-0.1078893725
-3.4121693226,-4.5045793737,-0.1087557684,1.0805989706,-1.1679625156,-0.1070055091
-3.3714454205,-4.5473595194,-0.1127210290,1.1080831284,-1.1312884717,-0.1061082034
-3.3295443053,-4.5889293963,-0.1166675132,1.1352026883,-1.0943133289,-0.1051798625
-3.2869067188,-4.6288710631,-0.1205547626,1.1616989900,-1.0573999076,-0.1042298946
-3.2422242824,-4.6683571378,-0.1244991702,1.1883779759,-1.0194103200,-0.1032285819
-3.1958891644,-4.7069173901,-0.1284593747,1.2149665570,-0.9806918584,-0.1021839075
-3.1497792409,-4.7430378962,-0.1322775395,1.2404259719,-0.9427779155,-0.1011378154
-3.1025374746,-4.7778618797,-0.1360704063,1.2655571803,-0.9045087494,-0.1000591966
-3.0526727916,-4.8123675363,-0.1399510945,1.2911170699,-0.8646848211,-0.0989130053
-3.0036515815,-4.8441659974,-0.1436503701,1.3153484170,-0.8260490792,-0.0977783182
-2.9540375064,-4.8743238834,-0.1472839783,1.3390325839,-0.7874142391,-0.0966217390
-2.9028321122,-4.9034246426,-0.1509237643,1.3626505455,-0.7479851922,-0.0954192066
-2.8505359679,-4.9311295460,-0.1545311892,1.3859631311,-0.7081355847,-0.0941815010
-2.7966093495,-4.9576686102,-0.1581404351,1.4092023399,-0.6674409115,-0.0928947819
-2.7421348903,-4.9824824190,-0.1616775917,1.4319044893,-0.6266981110,-0.0915839036
-2.6871416317,-5.0055892531,-0.1651424911,1.4540824179,-0.5858978018,-0.0902488694
-2.6316576825,-5.0270068900,-0.1685349752,1.4757480942,-0.5450305606,-0.0888896455
-2.5751410908,-5.0469441900,-0.1718881624,1.4971245816,-0.5036716223,-0.0874920192
-2.5175957626,-5.0653702626,-0.1752002119,1.5182107228,-0.4618017989,-0.0860548980
-2.4601990382,-5.0819330693,-0.1784047214,1.5385946148,-0.4202484557,-0.0846068713
-2.4024049533,-5.0968407765,-0.1815349322,1.5584979808,-0.3785846511,-0.0831335539
-2.3448234944,-5.1099839094,-0.1845604163,1.5777365172,-0.3372200447,-0.0816498892
-2.2869038520,-5.1215341254,-0.1875126187,1.5965184400,-0.2957299787,-0.0801410751
-2.2280772196,-5.1315988748,-0.1904202061,1.6150339959,-0.2536819903,-0.0785911633
-2.1689479380,-5.1400678968,-0.1932529337,1.6330979893,-0.2114827859,-0.0770149004
-2.1089348837,-5.1470165842,-0.1960382143,1.6508922621,-0.1686917175,-0.0753955549
-2.0486542066,-5.1523648754,-0.1987469762,1.6682376565,-0.1257218487,-0.0737484621
-1.9881276227,-5.1561256122,-0.2013790487,1.6851385474,-0.0825619409,-0.0720731847
-1.9279867708,-5.1582970324,-0.2039090077,1.7014357410,-0.0396365614,-0.0703864857
-1.8676496012,-5.1589362945,-0.2063633090,1.7173030039,0.0034948184,-0.0686713163
-1.8065218648,-5.1580381346,-0.2087654942,1.7328970872,0.0472839887,-0.0669093314
-1.7464549397,-5.1556630406,-0.2110446228,1.7477595086,0.0904285586,-0.0651531500
-1.6862562461,-5.1518187419,-0.2132489375,1.7622051897,0.1338064866,-0.0633675355
-1.6253322476,-5.1464541484,-0.2153994528,1.7763748990,0.1778727205,-0.0615333300
-1.5661260328,-5.1398353683,-0.2174127116,1.7897177610,0.2208793805,-0.0597237346
-1.5068516956,-5.1318341174,-0.2193533327,1.8026591875,0.2641389474,-0.0578842541
-1.4463167093,-5.1222540729,-0.2212584320,1.8154495833,0.3085522829,-0.0559758165
-1.3857371024,-5.1112513715,-0.2230877604,1.8278212663,0.3532591096,-0.0540345885
-1.3257376278,-5.0989655876,-0.2248238754,1.8396542478,0.3978192910,-0.0520797540
-1.2669283373,-5.0855878536,-0.2264527346,1.8508474566,0.4417910849,-0.0501313430
-1.2081340223,-5.0708951952,-0.2280093065,1.8616367292,0.4860677996,-0.0481501110
-1.1499587629,-5.0550615367,-0.2294788503,1.8719164336,0.5302129813,-0.0461556168
-1.0924133653,-5.0381314249,-0.2308633610,1.8816951607,0.5742311854,-0.0441479565
-1.0343493251,-5.0197691862,-0.2321905923,1.8911660202,0.6190241529,-0.0420857127
-0.9769416516,-5.0003479787,-0.2334337715,1.9001346256,0.6637086602,-0.0400092421
-0.9201991252,-4.9799098642,-0.2345948394,1.9086081474,0.7082889157,-0.0379186028
-0.8641296294,-4.9584956526,-0.2356757050,1.9165933120,0.7527688943,-0.0358138478
-0.8076133484,-4.9356778409,-0.2366979649,1.9242450465,0.7980600349,-0.0336514999
-0.7523525054,-4.9121615925,-0.2376318060,1.9313336677,0.8428141872,-0.0314958472
-0.6972368114,-4.8875103476,-0.2384979492,1.9380078667,0.8879390653,-0.0293033655
-0.6428288743,-4.8619925519,-0.2392884698,1.9441992299,0.9329893221,-0.0270955909
-0.5885902727,-4.8353720581,-0.2400120836,1.9499681870,0.9784259321,-0.0248498151
-0.5350741014,-4.8079360686,-0.2406622697,1.9552545311,1.0238004091,-0.0225880745
-0.4817502374,-4.7794281427,-0.2412463049,1.9601086964,1.0695769860,-0.0202870824
-0.4291619598,-4.7501534679,-0.2417590424,1.9644787715,1.1153037651,-0.0179693938
-0.3773121296,-4.7201454305,-0.2422021878,1.9683679264,1.1609835448,-0.0156349830
-0.3262030414,-4.6894364489,-0.2425774163,1.9717790322,1.2066189253,-0.0132838237
-0.2753273279,-4.6577350982,-0.2428891851,1.9747421360,1.2526764417,-0.0108916860
-0.2252023066,-4.6253766402,-0.2431350278,1.9772228047,1.2987010572,-0.0084819970
-0.1758290113,-4.5923912742,-0.2433165496,1.9792229239,1.3446949642,-0.0060547126
-0.1272080103,-4.5588083330,-0.2434353268,1.9807441227,1.3906601645,-0.0036097891
-0.0788557927,-4.5243056617,-0.2434931844,1.9817959624,1.4370661897,-0.0011220121
-0.0312632301,-4.4892448910,-0.2434901544,1.9823617301,1.4834541801,0.0013842727
0.0155701305,-4.4536533706,-0.2434277460,1.9824421388,1.5298257352,0.0039091237
0.0616451233,-4.4175576719,-0.2433074412,1.9820376778,1.5761822664,0.0064525984
0.1069629433,-4.3809836120,-0.2431306954,1.9811486230,1.6225249977,0.0090147524
0.1519750820,-4.3435769302,-0.2428962995,1.9797585651,1.6693267441,0.0116220206
0.1957830634,-4.3061101659,-0.2426103427,1.9778950577,1.7156524095,0.0142223186
0.2392739590,-4.2678504845,-0.2422684431,1.9755200123,1.7624385867,0.0168682348
0.2820073299,-4.2291945413,-0.2418745642,1.9726488891,1.8092217173,0.0195338770
0.3239857214,-4.1901650994,-0.2414300493,1.9692807522,1.8560022288,0.0222193062
0.3652119426,-4.1507842828,-0.2409362170,1.9654144935,1.9027803581,0.0249245795
0.4056890515,-4.1110735961,-0.2403943624,1.9610488418,1.9495561506,0.0276497505
0.4458211534,-4.0706448497,-0.2397995263,1.9561302270,1.9968058015,0.0304229285
0.4852022975,-4.0299149363,-0.2391581588,1.9506979670,2.0440604484,0.0332169753
0.5238360566,-3.9889039624,-0.2384714992,1.9447500176,2.0913196689,0.0360319501
0.5613479394,-3.9480487787,-0.2377483470,1.9383519617,2.1381063693,0.0388392128
0.5984998101,-3.9065430098,-0.2369752903,1.9313723781,2.1853648318,0.0416955136
0.6352833984,-3.8643871355,-0.2361520236,1.9237912496,2.2331065899,0.0446022838
0.6713269421,-3.8220140869,-0.2352872420,1.9156729268,2.2808570480,0.0475310692
0.7062825119,-3.7798717617,-0.2343914126,1.9071043323,2.3281333739,0.0504520613
0.7405159167,-3.7375578475,-0.2334572705,1.8980047633,2.3754075534,0.0533942279
0.7740319282,-3.6950888694,-0.2324859080,1.8883713067,2.4226777149,0.0563575836
0.8071658862,-3.6520463029,-0.2314679548,1.8780946055,2.4704230855,0.0593726401
0.8392600689,-3.6093066520,-0.2304248222,1.8673769204,2.5176865162,0.0623791052
0.8709679598,-3.5660219568,-0.2293364850,1.8559983391,2.5654202836,0.0654377132
0.9016605900,-3.5230727189,-0.2282257256,1.8441829985,2.6126670223,0.0684872830
0.9316613533,-3.4800444842,-0.2270829163,1.8318174414,2.6598972982,0.0715580184
0.9612707497,-3.4365120752,-0.2258969272,1.8187638608,2.7075886064,0.0746814771
0.9901901864,-3.3929200713,-0.2246800225,1.8051395082,2.7552642595,0.0778269697
1.0187092712,-3.3488373522,-0.2234203115,1.7907929102,2.8034058318,0.0810268243
1.0462631904,-3.3051587268,-0.2221439287,1.7760068553,2.8510466299,0.0842169996
1.0728763267,-3.2619004945,-0.2208527406,1.7607957954,2.8981802902,0.0873965690
1.0990921791,-3.2182011590,-0.2195215739,1.7448486363,2.9457545578,0.0906296760
1.1251629487,-3.1736117079,-0.2181360623,1.7279660930,2.9942652127,0.0939513407
1.1495638647,-3.1307948347,-0.2167802287,1.7111655391,3.0408240686,0.0971633099
1.1735719467,-3.0875828584,-0.2153871027,1.6936155898,3.0877964031,0.1004278709
1.1976570980,-3.0430841738,-0.2139269186,1.6749088898,3.1361572279,0.1038145137
1.2210865138,-2.9986223985,-0.2124424525,1.6555640648,3.1844739656,0.1072243410
1.2436397887,-2.9546560024,-0.2109498611,1.6357808851,3.2322541666,0.1106224951
1.2655586872,-2.9107542199,-0.2094353546,1.6153661743,3.2799709986,0.1140425181
1.2870630120,-2.8664813388,-0.2078839926,1.5940978863,3.3281026773,0.1175193850
1.3079361273,-2.8222877072,-0.2063116404,1.5721725135,3.3761637505,0.1210187511
1.3275870996,-2.7795021650,-0.2047670477,1.5502711145,3.4227116108,0.1244346587
1.3468375100,-2.7363962521,-0.2031889270,1.5275212861,3.4696287729,0.1279047209
1.3656808316,-2.6929709541,-0.2015770703,1.5038943121,3.5169169017,0.1314301800
1.3839275535,-2.6496676256,-0.1999479401,1.4796109441,3.5640973187,0.1349760874
1.4010640246,-2.6077854067,-0.1983517660,1.4554236759,3.6097544354,0.1384350944
1.4183169481,-2.5643312758,-0.1966745643,1.4295848579,3.6571519111,0.1420552071
1.4344933256,-2.5223147459,-0.1950325692,1.4038653215,3.7030074683,0.1455864748
1.4505901101,-2.4791716793,-0.1933259663,1.3766873324,3.7501189454,0.1492446947
1.4661140282,-2.4361879633,-0.1916050795,1.3488179939,3.7970822399,0.1529225584
1.4810715938,-2.3933713807,-0.1898705943,1.3202537700,3.8438871794,0.1566196529
1.4951859983,-2.3515831068,-0.1881583605,1.2915851912,3.8895895155,0.1602608205
1.5087646272,-2.3099831844,-0.1864349113,1.2622529326,3.9351046172,0.1639183932
1.5218141282,-2.2685784062,-0.1847008835,1.2322550973,3.9804219729,0.1675918741
1.5344660831,-2.2269568090,-0.1829390940,1.2012742993,4.0259890963,0.1713183874
1.5465937506,-2.1855408113,-0.1811674901,1.1696058610,4.0713395840,0.1750606639
1.5584361484,-2.1434955112,-0.1793501390,1.1365785469,4.1173831169,0.1788952129
1.5696389115,-2.1020842549,-0.1775417059,1.1031647075,4.1627309882,0.1827073352
1.5802236046,-2.0613092679,-0.1757431770,1.0693864426,4.2073751430,0.1864957055
1.5903106344,-2.0207645736,-0.1739372474,1.0349151551,4.2517541362,0.1902974092
1.6000981356,-1.9796331524,-0.1720873201,0.9990233958,4.2967551254,0.1941899820
1.6093846402,-1.9387397496,-0.1702302795,0.9623973660,4.3414678483,0.1980962825
1.6182639342,-1.8976774083,-0.1683477002,0.9246523709,4.3863288520,0.2020555361
1.6264838919,-1.8576790575,-0.1664966886,0.8869308963,4.4299834657,0.2059480769
1.6340063253,-1.8191228904,-0.1646963319,0.8496568929,4.4720141430,0.2097341412
1.6412987154,-1.7796534851,-0.1628369629,0.8105504254,4.5149799611,0.2136446669
1.6483363055,-1.7392444343,-0.1609161493,0.7694942310,4.5588943932,0.2176850908
1.6548335524,-1.6995065942,-0.1590102616,0.7280908067,4.6019942980,0.2216950320
1.6609286337,-1.6596423256,-0.1570813548,0.6855055036,4.6451338093,0.2257545243
1.6663990380,-1.6212371290,-0.1552069447,0.6434604243,4.6865892205,0.2297005409
1.6714870895,-1.5827299645,-0.1533116435,0.6002765608,4.7280377153,0.2336918444
1.6760979137,-1.5448952368,-0.1514338659,0.5568217294,4.7686345748,0.2376475840
1.6802910702,-1.5073536323,-0.1495553208,0.5126759972,4.8087773698,0.2416062734
1.6841099460,-1.4697313209,-0.1476573674,0.4673847807,4.8488518626,0.2456071717
1.6875829311,-1.4316489491,-0.1457204628,0.4204437983,4.8892422561,0.2496914458
1.6905225699,-1.3953657335,-0.1438602577,0.3746712241,4.9275451629,0.2536150630
1.6931772371,-1.3579088302,-0.1419246386,0.3263192021,4.9668857985,0.2576986877
1.6954055743,-1.3211373038,-0.1400092894,0.2777413557,5.0052892135,0.2617402725
1.6973107078,-1.2831803474,-0.1380163532,0.2264166781,5.0446840574,0.2659460526
1.6987494621,-1.2470328866,-0.1361033653,0.1763981306,5.0819474102,0.2699832541
1.6998381844,-1.2101075438,-0.1341339332,0.1241278892,5.1197353279,0.2741393441
1.7005293749,-1.1738775570,-0.1321864698,0.0716614258,5.1565166057,0.2782484225
1.7008390329,-1.1390482444,-0.1303000691,0.0200963887,5.1915782579,0.2822276046
1.7007957319,-1.1038472146,-0.1283792500,-0.0331660747,5.2266946653,0.2862778367
1.7003789396,-1.0679112890,-0.1264033893,-0.0887560251,5.2621877703,0.2904419349
1.6995818032,-1.0319567850,-0.1244112645,-0.1456308210,5.2973116072,0.2946374223
1.6984410549,-0.9970596087,-0.1224630044,-0.2020609669,5.3310042770,0.2987370557
1.6969519698,-0.9625094391,-0.1205196944,-0.2591472786,5.3639475739,0.3028221464
1.6950809720,-0.9276124528,-0.1185421625,-0.3180623067,5.3967736096,0.3069741736
1.6928860993,-0.8934172639,-0.1165899041,-0.3770424466,5.4284726742,0.3110673718
1.6903305880,-0.8592357554,-0.1146239303,-0.4372613177,5.4596658923,0.3151826640
1.6874111941,-0.8250723305,-0.1126443511,-0.4987354399,5.4903170866,0.3193187403
1.6842615710,-0.7922803513,-0.1107303082,-0.5589765898,5.5192115220,0.3233096013
1.6806203287,-0.7581741235,-0.1087249020,-0.6229411214,5.5486818640,0.3274811627
1.6767308377,-0.7251145448,-0.1067666023,-0.6862417831,5.5766455697,0.3315439652
1.6725760478,-0.6927545067,-0.1048358019,-0.7494656738,5.6034076508,0.3355381793
1.6680324865,-0.6601150928,-0.1028741812,-0.8145248871,5.6297523859,0.3395832349
1.6632886594,-0.6284971677,-0.1009602194,-0.8788058090,5.6546147949,0.3435162688
1.6581598331,-0.5966185547,-0.0990166075,-0.9448928145,5.6789882957,0.3474950703
1.6526899353,-0.5648026792,-0.0970627393,-1.0121502085,5.7025789578,0.3514781244
1.6470550103,-0.5339992135,-0.0951574481,-1.0785269404,5.7246796120,0.3553446330
1.6409081841,-0.5023272819,-0.0931842833,-1.1480894455,5.7466020596,0.3593291720
1.6344143341,-0.4707330744,-0.0912014407,-1.2188314826,5.7676158328,0.3633114699
1.6277804553,-0.4401593951,-0.0892686201,-1.2885937605,5.7870926751,0.3671706905
1.6206725141,-0.4090545511,-0.0872878321,-1.3609069078,5.8059939822,0.3711008211
1.6134467834,-0.3789660918,-0.0853577320,-1.4321621485,5.8233532636,0.3749044629
1.6059738542,-0.3492770260,-0.0834394936,-1.5037484602,5.8395436917,0.3786576571
1.5980202372,-0.3190904664,-0.0814748579,-1.5778537525,5.8549995621,0.3824718129
1.5900666591,-0.2902003580,-0.0795809035,-1.6500397394,5.8687928393,0.3861183659
1.5814597494,-0.2602419464,-0.0776025096,-1.7262178487,5.8820112214,0.3898936564
1.5724249687,-0.2301028752,-0.0755971095,-1.8042322749,5.8941373472,0.3936830336
1.5634236051,-0.2012750412,-0.0736645351,-1.8801612149,5.9045796645,0.3972969876
1.5541067885,-0.1725774522,-0.0717264121,-1.9570331823,5.9137953506,0.4008818828
1.5446696092,-0.1445843679,-0.0698218707,-2.0332680604,5.9215954157,0.4043640548
1.5345230125,-0.1155871907,-0.0678341416,-2.1135529333,5.9283759652,0.4079530452
1.5242586667,-0.0873138018,-0.0658811502,-2.1931355702,5.9336521428,0.4114318617
1.5139983806,-0.0600287444,-0.0639822033,-2.2711661119,5.9374336620,0.4147669555
1.5033347523,-0.0326238676,-0.0620605506,-2.3507652820,5.9398751618,0.4180918945
1.4927011523,-0.0061894697,-0.0601930103,-2.4287183652,5.9408825167,0.4212726409
1.4812150606,0.0214370360,-0.0582262950,-2.5114256807,5.9404555156,0.4245658286
1.4696545151,0.0483412308,-0.0562959730,-2.5931944194,5.9385191553,0.4277390934
1.4580353754,0.0745354548,-0.0544020075,-2.6739712057,5.9351262566,0.4307931749
1.4458871047,0.1010777191,-0.0524678501,-2.7569989509,5.9301023614,0.4338485989
1.4336946380,0.1269060734,-0.0505708412,-2.8389346030,5.9236126238,0.4367803166
1.4208340387,0.1533276229,-0.0486147013,-2.9239185184,5.9152666637,0.4397330690
1.4079402987,0.1790239334,-0.0466967710,-3.0077017027,5.9054202212,0.4425558705
1.3946282513,0.2047726492,-0.0447592100,-3.0927743191,5.8937671033,0.4453318807
1.3808892558,0.2305656896,-0.0428021124,-3.1791133098,5.8802219027,0.4480555189
1.3665695554,0.2566550408,-0.0408055750,-3.2675799267,5.8645305015,0.4507474662
1.3526727414,0.2812444987,-0.0389077657,-3.3520003244,5.8478283821,0.4532220628
1.3385089929,0.3056087790,-0.0370115288,-3.4366355659,5.8293696505,0.4556095077
1.3239338295,0.3299857344,-0.0350981037,-3.5222900496,5.8089188895,0.4579292219
1.3098275595,0.3529424391,-0.0332809096,-3.6038362648,5.7877717440,0.4600462340
1.2947397427,0.3768397793,-0.0313730753,-3.6896208563,5.7637326980,0.4621755400
1.2793923535,0.4004868931,-0.0294684742,-3.7753940727,5.7378284598,0.4642027037
1.2642578241,0.4231852182,-0.0276241344,-3.8585406315,5.7109018451,0.4660688038
1.2485739300,0.4460884144,-0.0257465965,-3.9432297505,5.6816023639,0.4678673952
1.2314749413,0.4703747127,-0.0237369114,-4.0338810308,5.6481003676,0.4696759505
1.2152887030,0.4927389076,-0.0218686153,-4.1181078408,5.6149437776,0.4712457228
1.1983628693,0.5155045241,-0.0199487777,-4.2045608375,5.5788273627,0.4727433994
1.1806618422,0.5386651043,-0.0179763232,-4.2932256577,5.5395360629,0.4741566799
1.1642715015,0.5595463027,-0.0161806926,-4.3737538881,5.5018196995,0.4753295546
1.1468174826,0.5812115217,-0.0142996667,-4.4578680398,5.4602981967,0.4764387727
1.1300159542,0.6015330562,-0.0125180596,-4.5372580622,5.4190553397,0.4773737500
1.1119588531,0.6228131717,-0.0106338457,-4.6208721177,5.3733909874,0.4782370558
1.0936870808,0.6437792046,-0.0087581469,-4.7036966647,5.3258264675,0.4789651103
1.0748286757,0.6648440923,-0.0068535354,-4.7873175318,5.2753615984,0.4795669756
1.0567005792,0.6845645914,-0.0050515016,-4.8659327956,5.2255904012,0.4800059396
1.0372452286,0.7051744490,-0.0031477606,-4.9483936429,5.1708591093,0.4803286935
1.0187464969,0.7242580420,-0.0013655875,-5.0249809167,5.1176096069,0.4804967078
1.0004557718,0.7426530242,0.0003707033,-5.0989775623,5.0638506324,0.4805330657
0.9821999580,0.7605587877,0.0020789230,-5.1711310674,5.0091434884,0.4804438237
0.9628491215,0.7790597490,0.0038635008,-5.2457698656,4.9500606464,0.4802156856
0.9423320807,0.7981555212,0.0057272697,-5.3228512199,4.8862462656,0.4798275380
0.9230615944,0.8156196263,0.0074520984,-5.3933368941,4.8252665958,0.4793294536
0.9022369149,0.8339956643,0.0092889650,-5.4674404878,4.7582934890,0.4786496945
0.8822958893,0.8511237406,0.0110223619,-5.5364024754,4.6931717185,0.4778646938
0.8605415671,0.8693035105,0.0128858060,-5.6094243668,4.6210869501,0.4768628831
0.8411438182,0.8850822160,0.0145238535,-5.6726052455,4.5559482171,0.4758451419
0.8197963775,0.9019905415,0.0163016657,-5.7400495014,4.4833808031,0.4745933618
0.7983333695,0.9185223007,0.0180635825,-5.8056720959,4.4095493731,0.4731996238
0.7751825570,0.9358435437,0.0199362192,-5.8740186153,4.3290025974,0.4715490061
0.7545669046,0.9508347360,0.0215801697,-5.9327712664,4.2565406453,0.4699544524
0.7319088576,0.9668535559,0.0233620418,-5.9950735743,4.1761641007,0.4680707495
0.7102796866,0.9817099336,0.0250392834,-6.0523490319,4.0987776902,0.4661484913
0.6876889733,0.9967852122,0.0267670157,-6.1099016150,4.0173250245,0.4640156623
0.6650291908,1.0114651380,0.0284759639,-6.1653250931,3.9350427621,0.4617522308
0.6420794202,1.0258938873,0.0301828466,-6.2191303303,3.8511776451,0.4593376160
0.6193081788,1.0397846480,0.0318532406,-6.2702280309,3.7674988533,0.4568245902
0.5955567777,1.0538326355,0.0335715095,-6.3211245593,3.6797874317,0.4540836474
0.5733875655,1.0665484664,0.0351537082,-6.3664457081,3.5975785266,0.4514191236
0.5493371344,1.0799207147,0.0368471280,-6.4132573163,3.5080830233,0.4484171162
0.5273529373,1.0917679358,0.0383745531,-6.4539303467,3.4260461250,0.4455755857
0.5049220535,1.1034936130,0.0399132636,-6.4933736036,3.3421661615,0.4425842628
0.4806141414,1.1157961596,0.0415586903,-6.5338049500,3.2511220416,0.4392419871
0.4563107806,1.1276849159,0.0431813756,-6.5718592817,3.1600023040,0.4358002734
0.4329811192,1.1387184396,0.0447183913,-6.6061944005,3.0724996104,0.4324066169
0.4087202087,1.1498067341,0.0462957349,-6.6396559051,2.9815228169,0.4287885292
0.3829817667,1.1611491694,0.0479461811,-6.6726954024,2.8850850658,0.4248558000
0.3580451843,1.1717329966,0.0495231159,-6.7023322765,2.7917867928,0.4209577871
0.3346163023,1.1813205363,0.0509852784,-6.7280868572,2.7042989800,0.4172208723
0.3090297120,1.1914040057,0.0525609994,-6.7539418654,2.6089928419,0.4130617466
0.2842673619,1.2007848625,0.0540653645,-6.7767480285,2.5170432688,0.4089633583
0.2583046276,1.2102286836,0.0556212962,-6.7983653838,2.4209899620,0.4045935737
0.2336945840,1.2188166876,0.0570763293,-6.8167316739,2.3303209320,0.4003869640
0.2073848372,1.2276130352,0.0586108770,-6.8341273592,2.2338463877,0.3958249304
0.1792628551,1.2365832163,0.0602275703,-6.8502195076,2.1313017036,0.3908796958
0.1515344166,1.2449983568,0.0617982233,-6.8636150721,2.0308271891,0.3859391924
0.1233673197,1.2531174980,0.0633703287,-6.8747721119,1.9294613198,0.3808603321
0.0953336803,1.2607759115,0.0649119648,-6.8834861561,1.8293237669,0.3757504756
0.0690754817,1.2675732852,0.0663354658,-6.8895406229,1.7362464342,0.3709188808
0.0413365805,1.2743649492,0.0678180300,-6.8937793671,1.6387157726,0.3657716920
0.0129120113,1.2809160435,0.0693149733,-6.8958848638,1.5396627995,0.3604559694
-0.0128977999,1.2865115067,0.0706549690,-6.8958873293,1.4505340840,0.3555969664
-0.0412561295,1.2922775161,0.0721064551,-6.8938529240,1.3535305988,0.3502269721
-0.0672511439,1.2972162931,0.0734180761,-6.8901658876,1.2654915157,0.3452794288
-0.0949496276,1.3021185248,0.0747960119,-6.8843742864,1.1726385139,0.3399850506
-0.1232916031,1.3067548281,0.0761852531,-6.8765167821,1.0786769122,0.3345473936
-0.1511415604,1.3109410751,0.0775302289,-6.8669507282,0.9874059152,0.3291879117
-0.1774242562,1.3145597279,0.0787814153,-6.8562968997,0.9022559322,0.3241185155
-0.2037645331,1.3178664608,0.0800179055,-6.8440835765,0.8178974924,0.3190297386
-0.2315151654,1.3210076071,0.0813019218,-6.8296040374,0.7300998485,0.3136625913
-0.2595911163,1.3238316010,0.0825816926,-6.8133251951,0.6424160590,0.3082295010
-0.2885643372,1.3263765091,0.0838822278,-6.7948654319,0.5531528713,0.3026228531
-0.3169907520,1.3285125407,0.0851385456,-6.7751712575,0.4667968407,0.2971251985
-0.3460176596,1.3303285659,0.0864014964,-6.7535006929,0.3798800106,0.2915177195
-0.3750600562,1.3317798670,0.0876451844,-6.7302976134,0.2942066450,0.2859165793
-0.4038211525,1.3328599553,0.0888573548,-6.7058752278,0.2106448763,0.2803816660
-0.4328754028,1.3335933870,0.0900623814,-6.6797995650,0.1275351440,0.2748051023
-0.4616354134,1.3339683557,0.0912360668,-6.6526507146,0.0465645284,0.2693021249
-0.4903862048,1.3339969545,0.0923904991,-6.6242321277,-0.0330845673,0.2638202789
-0.5194114790,1.3336773788,0.0935369561,-6.5942965327,-0.1121761594,0.2583079966
-0.5484143209,1.3330109444,0.0946636037,-6.5631839307,-0.1898814201,0.2528240974
-0.5773890437,1.3320011405,0.0957704040,-6.5309524013,-0.2661873375,0.2473716196
-0.6069162359,1.3306207293,0.0968791529,-6.4969739562,-0.3425867748,0.2418439941
-0.6364005138,1.3288907079,0.0979671211,-6.4619529273,-0.4175051622,0.2363553057
-0.6670404248,1.3267229025,0.0990775618,-6.4244540893,-0.4939120791,0.2306861088
-0.6970106393,1.3242398101,0.1001439597,-6.3867342501,-0.5672251277,0.2251767208
-0.7278299438,1.3213144173,0.1012202918,-6.3469224457,-0.6411519209,0.2195499875
-0.7570706214,1.3181920046,0.1022225818,-6.3082353752,-0.7099261941,0.2142492588
-0.7877414975,1.3145556995,0.1032542047,-6.2667449684,-0.7806423633,0.2087302516
-0.8180209959,1.3106046719,0.1042529759,-6.2249132131,-0.8490361053,0.2033241704
-0.8476134156,1.3063980493,0.1052102616,-6.1832360514,-0.9145232593,0.1980827491
-0.8777160992,1.3017700486,0.1061650356,-6.1400746615,-0.9797751342,0.1927946388
-0.9077219547,1.2968080044,0.1070977157,-6.0963227631,-1.0434577879,0.1875684003
-0.9394786105,1.2911781801,0.1080641948,-6.0492669245,-1.1093900694,0.1820870329
-0.9695651154,1.2854866236,0.1089603374,-6.0040118820,-1.1704760402,0.1769420855
-1.0004538552,1.2792820060,0.1098606777,-5.9569059210,-1.2318080811,0.1717095032
-1.0303064713,1.2729384032,0.1107118935,-5.9107944107,-1.2897642964,0.1667008399
-1.0609471066,1.2660731588,0.1115662691,-5.8629013124,-1.3479161272,0.1616100724
-1.0917618969,1.2588075439,0.1124058009,-5.8141930974,-1.4050495543,0.1565421409
-1.1233717832,1.2509783580,0.1132464904,-5.7636968680,-1.4622671499,0.1513979234
-1.1535921382,1.2431374610,0.1140308229,-5.7149486080,-1.5156682675,0.1465318634
-1.1858532639,1.2343833258,0.1148472001,-5.6624323468,-1.5712885263,0.1413937282
-1.2163740081,1.2257366820,0.1155996503,-5.6123263153,-1.6226057531,0.1365868323
-1.2482975435,1.2163130320,0.1163659901,-5.5595075783,-1.6749437598,0.1316155094
-1.2800411355,1.2065574073,0.1171070159,-5.5066003073,-1.7256479098,0.1267297107
-1.3119197653,1.1963734271,0.1178301035,-5.4531087596,-1.7752421649,0.1218809922
-1.3423663601,1.1862844858,0.1185009495,-5.4017091035,-1.8213850301,0.1173043183
-1.3720415179,1.1761098289,0.1191361887,-5.3513413955,-1.8652237946,0.1128946388
-1.4043317084,1.1646549662,0.1198064937,-5.2962556948,-1.9116702889,0.1081536056
-1.4357764146,1.1531148868,0.1204382500,-5.2423553730,-1.9556608177,0.1035939986
-1.4673340125,1.1411502018,0.1210513844,-5.1880287773,-1.9985971759,0.0990747695
-1.4993171056,1.1286312796,0.1216513650,-5.1327532924,-2.0408916645,0.0945524845
-1.5317218120,1.1155424647,0.1222371825,-5.0765482076,-2.0825090920,0.0900298354
-1.5645437966,1.1018679961,0.1228078037,-5.0194341578,-2.1234150491,0.0855095257
-1.5961584332,1.0882978767,0.1233357007,-4.9642636588,-2.1616476339,0.0812128965
-1.6281789627,1.0741528508,0.1238485308,-4.9082452298,-2.1992202183,0.0769182481
-1.6590207042,1.0601453573,0.1243215908,-4.8541719100,-2.2343312992,0.0728357921
-1.6905714297,1.0454246470,0.1247841973,-4.7987517222,-2.2691714216,0.0687141002
-1.7215701546,1.0305739006,0.1252175799,-4.7442127499,-2.3023562823,0.0647179854
-1.7520281750,1.0156057048,0.1256228778,-4.6905523533,-2.3339681573,0.0608428561
-1.7834898331,0.9997498835,0.1260200290,-4.6350604091,-2.3656028293,0.0568930410
-1.8166260694,0.9826136651,0.1264145244,-4.5765582695,-2.3978192750,0.0527908036
-1.8475590554,0.9662096745,0.1267605915,-4.5219049564,-2.4268893437,0.0490144333
-1.8801347702,0.9485060369,0.1271016762,-4.4643176133,-2.4564715073,0.0450924934
-1.9114661191,0.9310604638,0.1274069324,-4.4089093833,-2.4839406970,0.0413731282
-1.9434720357,0.9128121016,0.1276954716,-4.3522967015,-2.5110217750,0.0376266248
-1.9745611119,0.8946692956,0.1279530014,-4.2973029193,-2.5363938819,0.0340382068
-2.0066308580,0.8755191993,0.1281949396,-4.2405794679,-2.5616176183,0.0303885199
-2.0387175360,0.8559123555,0.1284126558,-4.1838386209,-2.5859053240,0.0267891657
-2.0708152636,0.8358469227,0.1286058139,-4.1270976314,-2.6092659928,0.0232403459
-2.1032401323,0.8151129067,0.1287756403,-4.0698043224,-2.6319294613,0.0197073886
-2.1359847400,0.7936954084,0.1289210259,-4.0119783278,-2.6538770694,0.0161920983
-2.1690411916,0.7715794897,0.1290408397,-3.9536397737,-2.6750908941,0.0126962592
-2.2010960183,0.7496530122,0.1291308174,-3.8971098662,-2.6947709233,0.0093565639
-2.2328139055,0.7274848424,0.1291941077,-3.8412174294,-2.7133932785,0.0061000925
-2.2648295141,0.7046256242,0.1292316619,-3.7848469563,-2.7313444619,0.0028610432
-2.2974584293,0.6808219416,0.1292423188,-3.7274472523,-2.7487774070,-0.0003910238
-2.3293958162,0.6570199623,0.1292253391,-3.6713153669,-2.7650097810,-0.0035268003
-2.3616092868,0.6325003413,0.1291803058,-3.6147508783,-2.7805609386,-0.0066427852
-2.3940896178,0.6072485059,0.1291060545,-3.5577719422,-2.7954166601,-0.0097374754
-2.4261807538,0.5817685160,0.1290037585,-3.5015291600,-2.8092920388,-0.0127492005
-2.4575713347,0.5563253339,0.1288753777,-3.4465649675,-2.8221025349,-0.0156516005
-2.4892125151,0.5301496951,0.1287171138,-3.3912117007,-2.8342617625,-0.0185340963
-2.5207781730,0.5034970293,0.1285298150,-3.3360386067,-2.8456467325,-0.0213671566
-2.5522617452,0.4763664232,0.1283131685,-3.2810545476,-2.8562687562,-0.0241510426
-2.5836566069,0.4487570246,0.1280668620,-3.2262679128,-2.8661391341,-0.0268860340
-2.6149560701,0.4206680434,0.1277905844,-3.1716866308,-2.8752691397,-0.0295724276
-2.6470998535,0.3912229498,0.1274742307,-3.1156692311,-2.8839140247,-0.0322899601
-2.6791143035,0.3612798563,0.1271255411,-3.0599088480,-2.8917938516,-0.0349554772
-2.7103635332,0.3314450622,0.1267520713,-3.0055063554,-2.8987880638,-0.0375182627
-2.7424269043,0.3001939253,0.1263340317,-2.9497060641,-2.9052536807,-0.0401082805
-2.7737025619,0.2690711421,0.1258914032,-2.8952890076,-2.9108712270,-0.0425965973
-2.8051385340,0.2371357468,0.1254109014,-2.8405978784,-2.9158354574,-0.0450602867
-2.8360987203,0.2050264323,0.1249018394,-2.7867312962,-2.9200591873,-0.0474505422
-2.8668929818,0.1724241131,0.1243592465,-2.7331416546,-2.9236076222,-0.0497928772
-2.8978199906,0.1389943980,0.1237768688,-2.6792998063,-2.9265178870,-0.0521105337
-2.9282535678,0.1054060800,0.1231660584,-2.6262862527,-2.9287433490,-0.0543576426
-2.9584982945,0.0713252446,0.1225208243,-2.5735607955,-2.9303278161,-0.0565582536
-2.9891500416,0.0360501046,0.1218268004,-2.5200724232,-2.9312950850,-0.0587558083
-3.0195802121,0.0002731141,0.1210965318,-2.4669047873,-2.9316180830,-0.0609053776
-3.0497805716,-0.0360049647,0.1203297298,-2.4140600240,-2.9313085436,-0.0630075155
-3.0794464084,-0.0724155659,0.1195342692,-2.3620599583,-2.9303902102,-0.0650425919
-3.1088746180,-0.1093207112,0.1187023186,-2.3103725897,-2.9288737543,-0.0670325212
-3.1386424722,-0.1474785946,0.1178156908,-2.2579668768,-2.9267212059,-0.0690165769
-3.1678453628,-0.1857520019,0.1169001105,-2.2064191678,-2.9239989381,-0.0709351678
-3.1967755550,-0.2245214276,0.1159465535,-2.1552007943,-2.9206987785,-0.0728090474
-3.2254241174,-0.2637855533,0.1149547335,-2.1043122300,-2.9168309416,-0.0746387534
-3.2540649264,-0.3039442327,0.1139138335,-2.0532482667,-2.9123581990,-0.0764425147
-3.2826783740,-0.3450091785,0.1128224286,-2.0020210279,-2.9072739521,-0.0782194852
-3.3109620301,-0.3865724310,0.1116906330,-1.9511510217,-2.9016312497,-0.0799516853
-3.3389062235,-0.4286318640,0.1105181746,-1.9006373470,-2.8954402374,-0.0816397043
-3.3665011347,-0.4711852289,0.1093047823,-1.8504789098,-2.8887107532,-0.0832841224
-3.3940081216,-0.5146643884,0.1080373921,-1.8001766642,-2.8813768769,-0.0849013569
-3.4208669418,-0.5581971820,0.1067410871,-1.7507350584,-2.8735946889,-0.0864596398
-3.4473461390,-0.6022162964,0.1054030466,-1.7016441555,-2.8653019286,-0.0879760246
-3.4736949272,-0.6471677594,0.1040089472,-1.6524150623,-2.8564164847,-0.0894656389
-3.4996312519,-0.6926031412,0.1025719263,-1.6035467472,-2.8470288715,-0.0909134092
-3.5251442031,-0.7385191360,0.1010917266,-1.5550368820,-2.8371475372,-0.0923198896
-3.5507237425,-0.7858524731,0.0995369267,-1.5059158450,-2.8265666716,-0.0937127403
-3.5755852071,-0.8331879432,0.0979532165,-1.4576582989,-2.8156042819,-0.0950501661
-3.5999768902,-0.8809957082,0.0963249202,-1.4097647386,-2.8041642188,-0.0963469549
-3.6236519550,-0.9287898011,0.0946686337,-1.3627023893,-2.7923746282,-0.0975913576
-3.6468464929,-0.9770450634,0.0929679366,-1.3159843568,-2.7801295554,-0.0987971217
-3.6695484231,-1.0257570978,0.0912225844,-1.2696077220,-2.7674355700,-0.0999647224
-3.6919654976,-1.0754167074,0.0894141500,-1.2231094134,-2.7541649575,-0.1011057656
-3.7138516046,-1.1255256496,0.0875599279,-1.1769595450,-2.7404508686,-0.1022086595
-3.7354051613,-1.1765879216,0.0856403974,-1.1306969618,-2.7261551687,-0.1032843649
-3.7561820433,-1.2275766643,0.0836937319,-1.0852432537,-2.7115695872,-0.1043118317
-3.7763887551,-1.2789980279,0.0817006176,-1.0401272714,-2.6965577669,-0.1053025184
-3.7960117301,-1.3308459603,0.0796608406,-0.9953454299,-2.6811247877,-0.1062568459
-3.8152249119,-1.3836405142,0.0775530236,-0.9504499055,-2.6651143590,-0.1071842506
-3.8339946743,-1.4373853578,0.0753756183,-0.9054487430,-2.6485191889,-0.1080840124
-3.8519311940,-1.4909983331,0.0731719901,-0.8612377915,-2.6316757233,-0.1089385512
-3.8692119570,-1.5450110512,0.0709202738,-0.8173581517,-2.6144230890,-0.1097574978
-3.8859851100,-1.5999633492,0.0685969790,-0.7733705837,-2.5965859372,-0.1105489056
-3.9018999358,-1.6547479413,0.0662484093,-0.7301506364,-2.5785245976,-0.1112973105
-3.9171131967,-1.7099076970,0.0638512545,-0.6872496601,-2.5600646904,-0.1120111960
-3.9316090216,-1.7654337352,0.0614053625,-0.6446636095,-2.5412090899,-0.1126908810
-3.9453712397,-1.8213167913,0.0589105899,-0.6023884416,-2.5219603629,-0.1133366675
-3.9585100350,-1.8781129408,0.0563410389,-0.5600007008,-2.5021218021,-0.1139548117
-3.9708646663,-1.9352451214,0.0537217242,-0.5179276477,-2.4818893317,-0.1145388622
-3.9824178588,-1.9927024704,0.0510525452,-0.4761649362,-2.4612647622,-0.1150890919
-3.9931520069,-2.0504736662,0.0483334133,-0.4347082420,-2.4402495786,-0.1156057553
-4.0030491680,-2.1085469084,0.0455642523,-0.3935532651,-2.4188449388,-0.1160890879
-4.0120910554,-2.1669098983,0.0427449993,-0.3526957324,-2.3970516722,-0.1165393062
-4.0202590312,-2.2255498176,0.0398756060,-0.3121314002,-2.3748702774,-0.1169566077
-4.0275340996,-2.2844533070,0.0369560389,-0.2718560562,-2.3523009196,-0.1173411701
-4.0338382569,-2.3430177846,0.0340160215,-0.2322613004,-2.3295733390,-0.1176898158
-4.0392790915,-2.4024119555,0.0309961528,-0.1925432386,-2.3062278360,-0.1180097182
-4.0437677422,-2.4620262364,0.0279261028,-0.1531019311,-2.2824927788,-0.1182972854
-4.0472536420,-2.5212498270,0.0248371432,-0.1143209846,-2.2586084962,-0.1185502374
-4.0497660873,-2.5806659503,0.0216986528,-0.0757981622,-2.2343363149,-0.1187716916
-4.0512840027,-2.6402579554,0.0185106941,-0.0375297775,-2.2096742631,-0.1189616883
-4.0517859101,-2.7000084826,0.0152733525,0.0004878166,-2.1846200138,-0.1191202468
-4.0512499206,-2.7598994337,0.0119867368,0.0382582254,-2.1591708772,-0.1192473651
-4.0496537279,-2.8199119400,0.0086509813,0.0757850097,-2.1333237917,-0.1193430190
-4.0470066071,-2.8794288702,0.0053001025,0.1127025413,-2.1073379850,-0.1194066798
-4.0432748886,-2.9390339501,0.0019009269,0.1493930874,-2.0809513514,-0.1194393865
-4.0383809828,-2.9993051537,-0.0015811667,0.1862244518,-2.0538888670,-0.1194408940
-4.0323990019,-3.0590152144,-0.0050762986,0.2224632294,-2.0266871637,-0.1194110496
-4.0252610943,-3.1187480899,-0.0086190255,0.2584844874,-1.9990707459,-0.1193498735
-4.0169425576,-3.1784801486,-0.0122090498,0.2942912195,-1.9710341353,-0.1192571873
-4.0074182248,-3.2381867425,-0.0158460368,0.3298863613,-1.9425714067,-0.1191327854
-3.9967754166,-3.2972500342,-0.0194928020,0.3649223638,-1.9139652909,-0.1189781456
-3.9848984518,-3.3562452286,-0.0231853429,0.3997612642,-1.8849245357,-0.1187919067
-3.9720330608,-3.4139819835,-0.0268489111,0.4337226987,-1.8560289171,-0.1185783949
-3.9577794187,-3.4721934650,-0.0305940277,0.4678466614,-1.8263967783,-0.1183312468
-3.9420725808,-3.5308445688,-0.0344213829,0.5021284839,-1.7960075377,-0.1180491532
-3.9253733738,-3.5881579079,-0.0382155990,0.5355503464,-1.7657659104,-0.1177406238
-3.9073524251,-3.6452793994,-0.0420523563,0.5688028017,-1.7350583789,-0.1173999012
-3.8879815667,-3.7021768533,-0.0459310294,0.6018875861,-1.7038752104,-0.1170265246
-3.8674450670,-3.7582555241,-0.0498118050,0.6344802293,-1.6725230122,-0.1166241986
-3.8457503830,-3.8135025374,-0.0536936824,0.6665947131,-1.6409980995,-0.1161932829
-3.8226684988,-3.8684488829,-0.0576147931,0.6985611294,-1.6089759499,-0.1157293216
-3.7981698748,-3.9230580531,-0.0615743314,0.7303805058,-1.5764446488,-0.1152317063
-3.7722244531,-3.9772919090,-0.0655714232,0.7620537621,-1.5433915743,-0.1146997859
-3.7448016526,-4.0311106004,-0.0696051224,0.7935816990,-1.5098033555,-0.1141328634
-3.7158703653,-4.0844724817,-0.0736744058,0.8249649857,-1.4756658273,-0.1135301935
-3.6857092548,-4.1368116360,-0.0777372469,0.8558946034,-1.4413114486,-0.1128975098
-3.6546446363,-4.1876045998,-0.0817520227,0.8860802154,-1.4070796549,-0.1122416754
-3.6223868513,-4.2373642143,-0.0857583072,0.9158447684,-1.3726203347,-0.1115565528
-3.5889420890,-4.2860734263,-0.0897549224,0.9451985367,-1.3379261214,-0.1108421523
-3.5543163015,-4.3337147618,-0.0937406770,0.9741512568,-1.3029892741,-0.1100984424
-3.5181483289,-4.3807340595,-0.0977543594,1.0029981114,-1.2674456261,-0.1093174060
-3.4804057159,-4.4270816981,-0.1017945656,1.0317379633,-1.2312764070,-0.1084979741
-3.4406525476,-4.4731595210,-0.1059006830,1.0606560844,-1.1940891387,-0.1076301888
-3.4012866126,-4.5162518759,-0.1098285116,1.0880584500,-1.1580863750,-0.1067662000
-3.3603529459,-4.5585979517,-0.1137785189,1.1153724205,-1.1214284120,-0.1058629467
-3.3190967778,-4.5989296481,-0.1176316386,1.1417939015,-1.0852048359,-0.1049475874
-3.2749590909,-4.6396598055,-0.1216220271,1.1689377520,-1.0471752780,-0.1039627362
-3.2305292296,-4.6783124136,-0.1255108680,1.1951887557,-1.0095755449,-0.1029655159
-3.1849436991,-4.7156893867,-0.1293765051,1.2210972481,-0.9716386408,-0.1019361795
-3.1386792538,-4.7514136886,-0.1331792658,1.2464147302,-0.9337359608,-0.1008850101
-3.0903172330,-4.7865267076,-0.1370328111,1.2719100009,-0.8946973084,-0.0997790391
-3.0412919001,-4.8199330923,-0.1408199124,1.2968194177,-0.8556715234,-0.0986502775
-2.9911289095,-4.8519657557,-0.1445777403,1.3214037275,-0.8162550456,-0.0974871799
-2.9403502140,-4.8822995344,-0.1482676377,1.3454254811,-0.7768324633,-0.0963011915
-2.8879342566,-4.9115201163,-0.1519624984,1.3693725515,-0.7365918602,-0.0950676118
-2.8338481790,-4.9395577270,-0.1556598359,1.3932389417,-0.6955014508,-0.0937844673
-2.7808149928,-4.9650654235,-0.1591770284,1.4158624291,-0.6555920165,-0.0925158680
-2.7256179638,-4.9896236871,-0.1627292275,1.4386416241,-0.6144108958,-0.0911841829
-2.6698964698,-5.0124463588,-0.1662078363,1.4608908669,-0.5731655180,-0.0898277441
-2.6136791025,-5.0335512949,-0.1696126819,1.4826221449,-0.5318461172,-0.0884465000
-2.5569935585,-5.0529558415,-0.1729435993,1.5038465956,-0.4904428701,-0.0870403616
-2.4998666864,-5.0706768430,-0.1762004303,1.5245745435,-0.4489458869,-0.0856092037
-2.4429036991,-5.0865778428,-0.1793514672,1.5446148891,-0.4077630361,-0.0841675996
-2.3843901133,-5.1011336509,-0.1824913444,1.5645791179,-0.3656291422,-0.0826710945
-2.3266790045,-5.1137801260,-0.1854949505,1.5836806212,-0.3242111230,-0.0811790230
-2.2680468215,-5.1249410800,-0.1884545033,1.6025140552,-0.2822426684,-0.0796461937
-2.2078922874,-5.1346734882,-0.1913972195,1.6212610565,-0.2392705198,-0.0780551794
-2.1486324801,-5.1426039123,-0.1942058179,1.6391815473,-0.1969942582,-0.0764689613
-2.0878839385,-5.1490681977,-0.1969941821,1.6570087765,-0.1536859877,-0.0748227405
-2.0286872437,-5.1537820944,-0.1996248918,1.6738693167,-0.1114868680,-0.0731982252
-1.9680555994,-5.1570223249,-0.2022328002,1.6906319972,-0.0682413378,-0.0715127378
-1.9072057900,-5.1586899003,-0.2047637191,1.7069546397,-0.0247902140,-0.0697983968
-1.8467716953,-5.1588032338,-0.2071932345,1.7226829592,0.0184390531,-0.0680723194
-1.7867760481,-5.1574195555,-0.2095235548,1.7378327594,0.0614531171,-0.0663347764
-1.7266359848,-5.1545583092,-0.2117791123,1.7525646583,0.1046931860,-0.0645681547
-1.6663698672,-5.1502298580,-0.2139597356,1.7668797800,0.1481707655,-0.0627718722
-1.6066017930,-5.1445093857,-0.2160444980,1.7806413198,0.1914576991,-0.0609637853
-1.5461419137,-5.1372909143,-0.2180753334,1.7941272894,0.2354403046,-0.0591067219
-1.4862164862,-5.1287278672,-0.2200114346,1.8070673992,0.2792508580,-0.0572371500
-1.4262398554,-5.1187641196,-0.2218732258,1.8195970458,0.3233385809,-0.0553360084
-1.3662284564,-5.1074079831,-0.2236605013,1.8317145430,0.3677157929,-0.0534025577
-1.3079869379,-5.0950668542,-0.2253231069,1.8430749882,0.4110595961,-0.0514950894
-1.2485674273,-5.0811409098,-0.2269465481,1.8542599468,0.4555832238,-0.0495162627
-1.1897598291,-5.0660334758,-0.2284810400,1.8649261317,0.4999736073,-0.0475238981
-1.1315758512,-5.0497903124,-0.2299286080,1.8750825111,0.5442355449,-0.0455180934
-1.0740261410,-5.0324558036,-0.2312912448,1.8847375270,0.5883735806,-0.0434989395
-1.0159620871,-5.0136859917,-0.2325962567,1.8940815939,0.6332919930,-0.0414247724
-0.9585586849,-4.9938620726,-0.2338173096,1.9029226603,0.6781051708,-0.0393361728
-0.9018245776,-4.9730259562,-0.2349563418,1.9112677481,0.7228173163,-0.0372331931
-0.8457675197,-4.9512183065,-0.2360152592,1.9191234375,0.7674323993,-0.0351158808
-0.7898340280,-4.9282423314,-0.2370055272,1.9265685105,0.8124071203,-0.0329624965
-0.7345956547,-4.9043506073,-0.2379179972,1.9335275229,0.8572977225,-0.0307942077
-0.6800581318,-4.8795809289,-0.2387544997,1.9400058144,0.9021076961,-0.0286110383
-0.6256818702,-4.8537049451,-0.2395242225,1.9460670619,0.9472955036,-0.0263905472
-0.5714786715,-4.8267265730,-0.2402269059,1.9517028785,0.9928742312,-0.0241316847
-0.5180012399,-4.7989365009,-0.2408562348,1.9568542100,1.0383940310,-0.0218566075
-0.4652532519,-4.7703694361,-0.2414139539,1.9615248354,1.0838579234,-0.0195653026
-0.4127118054,-4.7407568593,-0.2419063920,1.9657584797,1.1297309418,-0.0172341706
-0.3609118444,-4.7104143727,-0.2423293042,1.9695089514,1.1755601235,-0.0148860538
-0.3098555937,-4.6793742877,-0.2426843630,1.9727789792,1.2213480693,-0.0125209198
-0.2595447475,-4.6476679822,-0.2429732110,1.9755710076,1.2670971849,-0.0101387356
-0.2094795615,-4.6149933798,-0.2431994190,1.9779083588,1.3132750536,-0.0077149446
-0.1601688308,-4.5816949162,-0.2433613626,1.9797623874,1.3594253338,-0.0052732771
-0.1116130717,-4.5478018302,-0.2434606153,1.9811345771,1.4055500272,-0.0028136833
-0.0638123646,-4.5133425240,-0.2434987221,1.9820261661,1.4516509454,-0.0003361141
-0.0167663775,-4.4783445884,-0.2434772007,1.9824381590,1.4977297123,0.0021594786
0.0299931894,-4.4424706416,-0.2433964360,1.9823681967,1.5442567341,0.0046988351
0.0755321408,-4.4064642370,-0.2432595047,1.9818181322,1.5903028109,0.0072312230
0.1207717793,-4.3696236796,-0.2430650951,1.9807771037,1.6367992962,0.0098078533
0.1652536286,-4.3323322986,-0.2428157211,1.9792481326,1.6832858077,0.0124035058
0.2089795760,-4.2946143975,-0.2425127834,1.9772309539,1.7297631884,0.0150182371
0.2519518111,-4.2564935939,-0.2421576574,1.9747251161,1.7762320943,0.0176521010
0.2945989462,-4.2175988583,-0.2417473022,1.9716969676,1.8231661284,0.0203322667
0.3360706961,-4.1787304199,-0.2412912490,1.9682061377,1.8696269756,0.0230051882
0.3772077892,-4.1391250929,-0.2407816030,1.9641809935,1.9165533768,0.0257249162
0.4175940301,-4.0991919567,-0.2402239772,1.9596526146,1.9634798501,0.0284648271
0.4568368550,-4.0593589755,-0.2396259620,1.9546726952,2.0099331743,0.0311970493
0.4957326598,-4.0188416812,-0.2389767245,1.9491390617,2.0568513610,0.0339768181
0.5338882900,-3.9780573887,-0.2382832507,1.9430972511,2.1037684173,0.0367769025
0.5716849970,-3.9366061545,-0.2375390242,1.9364759173,2.1511613771,0.0396261704
0.6083708842,-3.8953356483,-0.2367601081,1.9294052143,2.1980815038,0.0424676796
0.6446913178,-3.8534305319,-0.2359319402,1.9217398760,2.2454755429,0.0453588696
0.6802793848,-3.8113210738,-0.2350632649,1.9135454381,2.2928721354,0.0482714152
0.7151395704,-3.7690247050,-0.2341552126,1.9048190770,2.3402698005,0.0512053487
0.7492765098,-3.7265583769,-0.2332088930,1.8955578595,2.3876668439,0.0541606954
0.7826949792,-3.6839385751,-0.2322253966,1.8857587499,2.4350613561,0.0571374730
0.8153998880,-3.6411813328,-0.2312057944,1.8754186176,2.4824512092,0.0601356910
0.8473962707,-3.5983022436,-0.2301511382,1.8645342445,2.5298340554,0.0631553504
0.8790043781,-3.5548781948,-0.2290512026,1.8529830786,2.5776897304,0.0662275250
0.9099052327,-3.5113532192,-0.2279174047,1.8408676228,2.6255407271,0.0693220719
0.9401040998,-3.4677419446,-0.2267507531,1.8281840160,2.6733840493,0.0724389825
0.9693123961,-3.4244992802,-0.2255644766,1.8150648239,2.7207343342,0.0755464804
0.9978386887,-3.3812065787,-0.2243481246,1.8013834606,2.7680627371,0.0786753277
1.0256886190,-3.3378770477,-0.2231026434,1.7871363247,2.8153655279,0.0818254655
1.0534173934,-3.2936357849,-0.2218025984,1.7720104662,2.8636062361,0.0850619722
1.0804629023,-3.2493679818,-0.2204737084,1.7562823880,2.9118278234,0.0883215849
1.1068308475,-3.2050863014,-0.2191168922,1.7399474868,2.9600257816,0.0916042422
1.1322712968,-3.1612494494,-0.2177471356,1.7231750294,3.0077098980,0.0948764315
1.1570550604,-3.1174299506,-0.2163519928,1.7058017870,3.0553534054,0.0981704976
1.1811881217,-3.0736392414,-0.2149323270,1.6878235871,3.1029510222,0.1014863200
1.2044429351,-3.0303292604,-0.2135036529,1.6694266981,3.1500181684,0.1047900112
1.2272954539,-2.9866358641,-0.2120379442,1.6502355459,3.1974998535,0.1081481512
1.2495156376,-2.9430037482,-0.2105502205,1.6304273311,3.2449181355,0.1115275781
1.2713264014,-2.8989999354,-0.2090258154,1.6097867302,3.2927484776,0.1149628474
1.2925081167,-2.8550720912,-0.2074803278,1.5885045681,3.3405087247,0.1184200210
1.3126606881,-2.8121086792,-0.2059461516,1.5670226444,3.3872361387,0.1218288971
1.3322147310,-2.7692509272,-0.2043937353,1.5449236236,3.4338672407,0.1252572673
1.3517526133,-2.7251903510,-0.2027750958,1.5214929995,3.4818291540,0.1288115862
1.3701200086,-2.6825530579,-0.2011871153,1.4981187206,3.5282651988,0.1322804587
1.3879079511,-2.6400476938,-0.1995830919,1.4741168493,3.5745820948,0.1357680012
1.4054694450,-2.5968166959,-0.1979304282,1.4489735138,3.6217159364,0.1393458531
1.4226167300,-2.5532877133,-0.1962449098,1.4228954643,3.6692020299,0.1429803900
1.4391773092,-2.5099029714,-0.1945437288,1.3961270717,3.7165581891,0.1466355251
1.4553174213,-2.4662312000,-0.1928100394,1.3683810567,3.7642548379,0.1503484245
1.4705682496,-2.4235872884,-0.1910967274,1.3404957540,3.8108542270,0.1540070890
1.4852606682,-2.3811151742,-0.1893703898,1.3119271712,3.8572892473,0.1576841911
1.4994012494,-2.3388222402,-0.1876316928,1.2826723842,3.9035495022,0.1613792814
1.5127291927,-2.2975584184,-0.1859165148,1.2533361270,3.9487019611,0.1650172440
1.5257924432,-2.2556549901,-0.1841558530,1.2227251314,3.9945693024,0.1687452960
1.5382001616,-2.2143710525,-0.1824026784,1.1917402667,4.0397697948,0.1724519845
1.5504501565,-2.1720318951,-0.1805856510,1.1590917635,4.0861329167,0.1762887669
1.5617091964,-2.1315698249,-0.1788312221,1.1270468728,4.1304428564,0.1799894102
1.5725802106,-2.0909228941,-0.1770511557,1.0940059944,4.1749523968,0.1837408733
1.5832670107,-2.0492594999,-0.1752082872,1.0592346283,4.2205661015,0.1876219235
1.5933384744,-2.0082398210,-0.1733758383,1.0240851933,4.2654596896,0.1914788747
1.6030048354,-1.9670412441,-0.1715173921,0.9878466040,4.3105264151,0.1953889387
1.6120794755,-1.9264935262,-0.1696707021,0.9512429981,4.3548511897,0.1992731900
1.6205000157,-1.8869983611,-0.1678551662,0.9146743188,4.3979887010,0.2030913137
1.6285358458,-1.8473596556,-0.1660163785,0.8770433196,4.4412379829,0.2069581288
1.6361070534,-1.8079794606,-0.1641730533,0.8387142077,4.4841513416,0.2108346235
1.6433613720,-1.7680646528,-0.1622878753,0.7988824697,4.5275822895,0.2147995896
1.6500168426,-1.7292087008,-0.1604364108,0.7591351424,4.5697876600,0.2186943552
1.6563506829,-1.6898386475,-0.1585440215,0.7178605100,4.6124660347,0.2226761510
1.6622311481,-1.6507445297,-0.1566484958,0.6758542307,4.6547479479,0.2266656708
1.6673072709,-1.6145788288,-0.1548803678,0.6360676800,4.6937648666,0.2303881818
1.6722297938,-1.5768434125,-0.1530205032,0.5935829363,4.7343626971,0.2343050750
1.6767357360,-1.5393979874,-0.1511597439,0.5504219558,4.7745217547,0.2382251636
1.6809927619,-1.5007159207,-0.1492215843,0.5047623476,4.8158594088,0.2423096987
1.6846370759,-1.4642197414,-0.1473780255,0.4606599478,4.8547087245,0.2461961329
1.6880515129,-1.4261518333,-0.1454395617,0.4135753809,4.8950570220,0.2502838696
1.6910463355,-1.3883892706,-0.1435009186,0.3657508485,4.9348885189,0.2543731033
1.6935338387,-1.3524175009,-0.1416395627,0.3191352568,4.9726349724,0.2583001879
1.6957455853,-1.3149125805,-0.1396835652,0.2694073492,5.0117674847,0.2624276376
1.6975351885,-1.2780981135,-0.1377482823,0.2194520243,5.0499386046,0.2665117934
1.6989459943,-1.2412341001,-0.1357951089,0.1682688609,5.0879007810,0.2706337930
1.6999569075,-1.2050613294,-0.1338635854,0.1168909019,5.1248763751,0.2747098174
1.7006001420,-1.1684854250,-0.1318953403,0.0637512257,5.1619643588,0.2788626119
1.7008572311,-1.1329653906,-0.1299691750,0.0109755645,5.1976700943,0.2829254526
1.7007518583,-1.0977789966,-0.1280466648,-0.0424662129,5.2327140923,0.2869789273
1.7002912569,-1.0629291648,-0.1261282589,-0.0965614118,5.2670785690,0.2910215574
1.6994522605,-1.0273588433,-0.1241554003,-0.1529961272,5.3017738912,0.2951760364
1.6982918976,-0.9931837655,-0.1222457209,-0.2084041320,5.3347209117,0.2991940320
1.6967639641,-0.9586643368,-0.1203025291,-0.2655764545,5.3675871059,0.3032783681
1.6948750019,-0.9241487593,-0.1183450704,-0.3239797689,5.4000060126,0.3073876804
1.6927176416,-0.8910048383,-0.1164516290,-0.3812508158,5.4306907395,0.3113570465
1.6901673760,-0.8572059162,-0.1145067233,-0.4408776257,5.4615020616,0.3154277776
1.6872922582,-0.8237659872,-0.1125683629,-0.5011119916,5.4914782362,0.3194773406
1.6841335677,-0.7910189790,-0.1106564082,-0.5613183059,5.5203122313,0.3234635096
1.6805978704,-0.7579741296,-0.1087130982,-0.6233201910,5.5488528474,0.3275056846
1.6766713631,-0.7246315343,-0.1067378848,-0.6871762315,5.5770495475,0.3316034594
1.6725179444,-0.6923203204,-0.1048098011,-0.7503225754,5.6037624570,0.3355918833
1.6681171407,-0.6607005889,-0.1029094957,-0.8133462890,5.6292857632,0.3395105353
1.6633381403,-0.6288156535,-0.1009795667,-0.8781520668,5.6543677064,0.3434765838
1.6583787401,-0.5979360287,-0.0990972112,-0.9421359049,5.6779953054,0.3473303858
1.6530453639,-0.5668091880,-0.0971863820,-1.0078697154,5.7011136660,0.3512265972
1.6474429089,-0.5360621509,-0.0952854692,-1.0740424859,5.7232230468,0.3550854029
1.6412030178,-0.5038050055,-0.0932766681,-1.1448138927,5.7455979344,0.3591430835
1.6346705819,-0.4719469393,-0.0912778932,-1.2160883561,5.7668248158,0.3631583492
1.6281972136,-0.4420340083,-0.0893875314,-1.2842789821,5.7859236012,0.3669339376
1.6213398209,-0.4119080584,-0.0874701573,-1.3542161972,5.8042997173,0.3707401638
1.6140111290,-0.3812649413,-0.0855056899,-1.4266723101,5.8220601243,0.3746138277
1.6065015298,-0.3513293731,-0.0835725423,-1.4987586474,5.8384554645,0.3783982437
1.5984220805,-0.3205832519,-0.0815723548,-1.5741575426,5.8542598716,0.3822832729
1.5902515761,-0.2908583738,-0.0796241920,-1.6483817220,5.8684899085,0.3860353662
1.5816670682,-0.2609487260,-0.0776493549,-1.7244050083,5.8817125151,0.3898046788
1.5730188206,-0.2320454989,-0.0757268298,-1.7991618440,5.8933923651,0.3934391004
1.5638711102,-0.2026817526,-0.0737591703,-1.8764261830,5.9040972025,0.3971209145
1.5542974993,-0.1731539635,-0.0717654895,-1.9554761644,5.9136221684,0.4008100067
1.5445890333,-0.1443497359,-0.0698058481,-2.0339123008,5.9216556673,0.4043931729
1.5345588462,-0.1156877060,-0.0678410584,-2.1132723094,5.9283548152,0.4079406395
1.5244166712,-0.0877414054,-0.0659107981,-2.1919223409,5.9335824758,0.4113794145
1.5142826137,-0.0607721484,-0.0640341295,-2.2690240101,5.9373482085,0.4146764009
1.5034262679,-0.0328551388,-0.0620768287,-2.3500883752,5.9398604175,0.4180639475
1.4923699631,-0.0053797470,-0.0601355857,-2.4311244395,5.9408918387,0.4213696299
1.4807731150,0.0224817440,-0.0581516183,-2.5145782387,5.9404087679,0.4246896939
1.4686111228,0.0507272313,-0.0561240547,-2.6005045920,5.9382726758,0.4280187853
1.4567382685,0.0774095932,-0.0541933033,-2.6829045944,5.9346605588,0.4311260045
1.4441909110,0.1047182812,-0.0522013592,-2.7684797593,5.9292848283,0.4342643958
1.4318423882,0.1307621782,-0.0502863418,-2.8512640711,5.9225039496,0.4372142714
1.4190779054,0.1568730481,-0.0483509936,-2.9354120566,5.9140112261,0.4401255028
1.4057532643,0.1833073549,-0.0463755507,-3.0217763490,5.9036077531,0.4430214356
1.3925361846,0.2087502376,-0.0444584712,-3.1060157923,5.8918024935,0.4457557421
1.3794448549,0.2332332009,-0.0425987667,-3.1881062679,5.8787108750,0.4483337481
1.3652532589,0.2590142684,-0.0406241731,-3.2756359616,5.8630098083,0.4509875990
1.3507666094,0.2845635377,-0.0386503853,-3.3634721364,5.8454274148,0.4535511736
1.3368632771,0.3083958296,-0.0367935937,-3.4463793594,5.8271334186,0.4558783080
1.3218181187,0.3334679291,-0.0348234246,-3.5346046204,5.8058308538,0.4582546689
1.3066428135,0.3580420743,-0.0328751841,-3.6220661280,5.7828180369,0.4605071651
1.2916566620,0.3816425975,-0.0309876082,-3.7069708224,5.7586446496,0.4625938642
1.2761050179,0.4054684915,-0.0290650700,-3.7935744317,5.7320946905,0.4646191224
1.2602926367,0.4290339077,-0.0271462773,-3.8800923901,5.7036265150,0.4665363691
1.2448636943,0.4514175715,-0.0253072865,-3.9630474885,5.6744689873,0.4682731674
1.2283903729,0.4746826161,-0.0233783664,-4.0500500207,5.6418883713,0.4699856437
1.2128113571,0.4961099304,-0.0215854959,-4.1308645321,5.6097485767,0.4714740203
1.1953362360,0.5195107603,-0.0196090021,-4.2198472365,5.5722176346,0.4729960183
1.1781318899,0.5419230526,-0.0176972589,-4.3057537966,5.5337967798,0.4743461505
1.1610406276,0.5636004040,-0.0158301177,-4.3894510658,5.4942378018,0.4755456447
1.1430119262,0.5858594459,-0.0138936737,-4.4759850455,5.4510643660,0.4766618354
1.1258245768,0.6065234200,-0.0120779265,-4.5568234939,5.4085775483,0.4775870748
1.1086142669,0.6266929002,-0.0102882174,-4.6361664855,5.3647849001,0.4783811571
1.0910391269,0.6467716475,-0.0084888256,-4.7155518563,5.3188234164,0.4790586987
1.0727291715,0.6671541638,-0.0066434078,-4.7965107553,5.2696596005,0.4796247528
1.0540357990,0.6874209563,-0.0047889243,-4.8773438993,5.2181731373,0.4800591386
1.0357146721,0.7067721073,-0.0029992862,-4.9547974367,5.1664973163,0.4803476827
1.0168432889,0.7261937858,-0.0011837385,-5.0327604366,5.1120663347,0.4805064505
0.9977977379,0.7452879474,0.0006209376,-5.1095885253,5.0559494817,0.4805277995
0.9775874825,0.7650128094,0.0025067014,-5.1890936289,4.9951607318,0.4804017922
0.9587808637,0.7828881699,0.0042353503,-5.2612217490,4.9375009577,0.4801505614
0.9382368824,0.8019045328,0.0060958703,-5.3379847617,4.8733700505,0.4797323924
0.9179418481,0.8201845635,0.0079062646,-5.4117536850,4.8089025190,0.4791758119
0.8974981315,0.8381069168,0.0097031211,-5.4840050317,4.7429036353,0.4784748923
0.8790807927,0.8538433979,0.0112995533,-5.5473393357,4.6825851118,0.4777260906
0.8583918929,0.8710719357,0.0130684161,-5.6165155330,4.6139073249,0.4767558132
0.8355957973,0.8895219866,0.0149883692,-5.6903430837,4.5371750643,0.4755329375
0.8142166287,0.9063328981,0.0167621429,-5.7573196099,4.4642683582,0.4742439045
0.7935756837,0.9221247076,0.0184507555,-5.8199235790,4.3930710616,0.4728727303
0.7719883816,0.9381926838,0.0201923718,-5.8832513374,4.3178193059,0.4713095390
0.7507393534,0.9535740300,0.0218829903,-5.9434621466,4.2430152808,0.4696457710
0.7306637562,0.9677201896,0.0234592159,-5.9984287116,4.1717261922,0.4679633415
0.7088376918,0.9826855642,0.0251502949,-6.0560917177,4.0935969223,0.4660161246
0.6873801078,0.9969882537,0.0267904702,-6.1106725322,4.0162072358,0.4639856358
0.6642918990,1.0119354895,0.0285311709,-6.1670899360,3.9323564386,0.4616765465
0.6409046353,1.0266208054,0.0302695841,-6.2218220524,3.8468714333,0.4592107857
0.6181598129,1.0404741239,0.0319368774,-6.2727450049,3.7632676659,0.4566948428
0.5953750889,1.0539383914,0.0335845606,-6.3215045291,3.6791149407,0.4540622211
0.5736816752,1.0663822369,0.0351328523,-6.3658581465,3.5986710733,0.4514551263
0.5499124235,1.0796059059,0.0368068969,-6.4121659492,3.5102270633,0.4484902420
0.5275196247,1.0916794404,0.0383630446,-6.4536294984,3.4266688402,0.4455974711
0.5024985928,1.1047388886,0.0400783312,-6.4975119500,3.3330950446,0.4422556683
0.4796393129,1.1162808887,0.0416242062,-6.5353767088,3.2474685399,0.4391058319
0.4558530567,1.1279049358,0.0432117248,-6.5725534950,3.1582856595,0.4357345229
0.4323219673,1.1390248620,0.0447615280,-6.6071336024,3.0700273423,0.4323094952
0.4076029361,1.1503080344,0.0463678660,-6.6411423808,2.9773344451,0.4286197943
0.3824123487,1.1613952657,0.0479824307,-6.6733980464,2.8829529327,0.4247677360
0.3580092065,1.1717479824,0.0495253756,-6.7023733697,2.7916523044,0.4209521029
0.3338997652,1.1816083840,0.0510297035,-6.7288429914,2.7016263574,0.4171054869
0.3075672711,1.1919682871,0.0526504050,-6.7553489163,2.6035540783,0.4128216582
0.2810335871,1.2019828531,0.0542603469,-6.7795676647,2.5050586385,0.4084230467
0.2556184430,1.2111831633,0.0557810452,-6.8004698183,2.4110746699,0.4041373991
0.2287098931,1.2205135886,0.0573687209,-6.8202036841,2.3120050425,0.3995276455
0.2018948668,1.2293990219,0.0589283865,-6.8374700844,2.2137792446,0.3948649532
0.1749126125,1.2379314597,0.0604755132,-6.8524818523,2.1154954614,0.3901086916
0.1506141287,1.2452704234,0.0618499582,-6.8640182905,2.0275039205,0.3857741837
0.1249239729,1.2526799608,0.0632840552,-6.8742189352,1.9350440739,0.3811425098
0.0974938266,1.2602006100,0.0647939813,-6.8828980660,1.8370122976,0.3761460557
0.0710140549,1.2670837649,0.0662310437,-6.8891621881,1.7430935000,0.3712769930
0.0435971295,1.2738262874,0.0676980180,-6.8935154979,1.6466323921,0.3661927079
0.0163364952,1.2801484919,0.0691358103,-6.8957491334,1.5515473362,0.3610984456
0.0000061902,1.2837556718,0.0699872920,-6.8961100929,1.4949967016,0.3580299033
